,0
man,165
thy,143
time,117
thing,113
night,91
thou,91
day,89
love,86
great,85
like,83
good,78
eye,75
death,74
come,69
heart,69
thought,68
thee,68
shall,67
tear,67
long,62
life,61
fate,61
deed,58
world,58
word,56
find,55
war,54
ship,53
blood,53
spirit,52
cry,51
know,49
fear,49
hour,48
hath,47
cloud,46
grow,46
little,45
bear,45
hear,44
grief,43
god,43
think,43
deep,42
hair,42
hate,41
let,41
ye,41
fall,40
work,39
earth,39
deadly,38
leave,38
pain,37
see,37
feel,35
king,35
live,35
bitter,35
soul,34
o,34
look,33
black,32
foe,32
stand,32
take,32
old,31
cold,31
wrong,30
mind,30
white,30
nature,30
end,29
shame,28
sea,28
wind,27
cause,27
hand,27
wear,27
sin,27
father,26
strife,26
bring,26
way,26
sweet,26
hell,25
face,25
doth,25
blow,25
kind,25
evil,25
heaven,25
wrath,24
fair,24
sorrow,24
water,24
light,24
fierce,24
power,24
small,24
sore,24
till,24
rise,24
sight,24
tell,23
say,23
woman,23
meet,23
give,23
horror,23
kill,22
place,22
half,22
follow,22
lie,22
care,22
turn,22
fire,22
hold,22
head,21
crime,21
shadow,21
poor,21
slave,21
dark,21
laugh,21
speak,20
sky,20
new,20
hide,20
make,20
o'er,20
art,20
high,20
sword,19
woe,19
doom,19
terror,19
free,19
large,19
proud,19
spot,19
unto,19
extreme,19
truth,19
dream,19
red,19
mean,19
people,19
fly,18
lest,18
base,18
sure,18
anger,18
have,18
run,18
disgrace,18
scorn,18
doer,17
dost,17
cruel,17
cup,17
beneath,17
act,17
action,17
self,17
secret,17
hard,17
form,17
bird,17
low,17
jet,17
play,17
away,17
present,17
battle,17
wave,17
scene,17
storm,17
human,16
go,16
despair,16
grim,16
burn,16
blue,16
dread,16
child,15
velvet,15
sleep,15
arm,15
spring,15
drop,15
wild,15
escape,15
shield,15
devise,15
toil,15
fight,15
year,14
force,14
strong,14
oh,14
envy,14
smile,14
set,14
shun,14
keen,14
pass,14
souled,14
passion,14
stricken,14
home,14
spear,14
lead,14
fortune,14
ill,14
befall,14
change,14
law,14
coal,14
voice,14
friend,14
desire,14
dare,13
manner,13
move,13
wound,13
certain,13
fiend,13
wing,13
drink,13
case,13
letter,13
tis,13
hatred,13
bad,13
cease,13
reproach,13
star,13
breath,13
race,13
groan,13
seek,13
darkness,13
seize,13
service,13
amid,13
demon,13
mortal,13
sound,13
skin,13
jove,13
speech,13
smoke,13
save,13
enemy,13
prove,13
sort,12
silk,12
silence,12
youth,12
oft,12
curse,12
raise,12
destiny,12
tiding,12
use,12
rage,12
murder,12
boy,12
feeling,12
line,12
dead,12
reject,12
shake,12
matter,12
possess,12
air,12
huge,12
hope,12
personal,12
vice,12
thunder,12
raven,12
hot,11
shade,11
right,11
far,11
subject,11
shape,11
brown,11
paint,11
lust,11
pity,11
taste,11
sharp,11
harm,11
forth,11
coat,11
land,11
space,11
well,11
help,11
spread,11
vain,11
stream,11
kriemhild,11
beat,11
thick,11
sign,11
yield,11
bare,11
loathsome,11
gall,11
genius,11
public,11
blast,11
mark,11
cast,11
pride,11
stay,10
eyed,10
th,10
return,10
dire,10
silent,10
lord,10
tale,10
didst,10
mankind,10
dull,10
terrible,10
wife,10
suspicion,10
moment,10
true,10
mourn,10
misery,10
draw,10
near,10
danger,10
keep,10
england,10
gold,10
gain,10
wit,10
fruit,10
body,10
minded,10
share,10
anguish,10
throw,10
brood,10
mask,10
brave,10
foul,10
malice,9
learn,9
pitch,9
fact,9
ere,9
fill,9
weather,9
suffer,9
tree,9
able,9
horse,9
awe,9
reason,9
employ,9
note,9
dress,9
triumph,9
sad,9
slay,9
hound,9
chance,9
wrought,9
mockery,9
enter,9
express,9
utter,9
wretch,9
strain,9
pursue,9
need,9
touch,9
view,9
begin,9
jest,9
gather,9
shrink,9
sheep,9
lay,9
ancient,9
die,9
measure,9
pay,9
grace,9
understand,9
effect,9
cat,9
write,9
soon,9
object,9
future,9
counsel,9
despite,9
person,9
lip,9
ne'er,9
try,9
drunk,9
traitor,9
mouth,9
break,9
despise,9
past,9
beauty,9
fury,8
pleasure,8
breast,8
chief,8
stern,8
arise,8
tongue,8
girl,8
destroy,8
dwell,8
insult,8
christian,8
forest,8
lose,8
answer,8
rich,8
double,8
forget,8
bid,8
obtain,8
treason,8
queen,8
fraught,8
comfort,8
endure,8
figure,8
swift,8
common,8
monster,8
avoid,8
thine,8
house,8
rank,8
hurl,8
produce,8
son,8
guard,8
dart,8
wicked,8
flee,8
mighty,8
age,8
spare,8
loud,8
close,8
mr.,8
order,8
doubt,8
probably,8
design,8
harsh,8
habit,8
appear,8
rock,8
fame,8
secure,8
river,8
start,8
render,8
virtue,8
nurse,8
round,8
glance,8
omen,8
presence,8
show,8
soule,8
state,7
honour,7
clothe,7
dank,7
goddess,7
iron,7
purpose,7
aught,7
brother,7
attack,7
strike,7
spake,7
imagine,7
steed,7
ring,7
thousand,7
send,7
midnight,7
mother,7
increase,7
teach,7
weeping,7
tumult,7
sense,7
brow,7
tyrant,7
folk,7
necessary,7
flow,7
bitterly,7
haunt,7
win,7
deck,7
stain,7
oppression,7
flood,7
wail,7
conduct,7
bond,7
beautiful,7
spleen,7
loss,7
greeks,7
character,7
sir,7
worth,7
town,7
soft,7
affect,7
arrow,7
rude,7
agony,7
waste,7
pour,7
cruelty,7
flower,7
effort,7
curl,7
field,7
heavy,7
chain,7
tempest,7
overcome,7
ruin,7
stone,7
drive,7
tone,7
city,7
name,7
hast,7
detraction,7
political,7
young,7
smell,7
shore,7
wine,7
lot,7
din,7
ambition,7
poison,7
juno,7
deny,7
band,7
revenge,7
abhor,7
shed,7
offence,7
poet,7
book,7
spite,7
utmost,7
possible,7
false,7
subsistence,7
slavery,7
restraint,7
vengeance,7
murderous,7
guest,7
creature,7
creep,7
refuse,7
contempt,7
neglect,7
get,7
reign,7
noise,7
mood,7
gunther,7
term,7
vile,7
dreadful,6
pit,6
north,6
suppose,6
equal,6
gift,6
discover,6
depth,6
equally,6
husband,6
nation,6
heat,6
intend,6
impulse,6
unutterable,6
beginning,6
tooth,6
glory,6
host,6
alike,6
venom,6
brand,6
plan,6
prayer,6
astonishment,6
cover,6
easy,6
knight,6
derision,6
create,6
fit,6
task,6
noble,6
beast,6
taunt,6
wight,6
support,6
lady,6
weep,6
limb,6
carry,6
ease,6
disgust,6
unholy,6
tremble,6
music,6
ewe,6
bind,6
marry,6
desert,6
struggle,6
goodness,6
praise,6
haired,6
vow,6
floor,6
succeed,6
egress,6
wish,6
palace,6
plot,6
contend,6
bone,6
throne,6
merely,6
suit,6
cut,6
peace,6
lover,6
mid,6
strange,6
troy,6
altogether,6
mountain,6
disappointment,6
angry,6
living,6
particularly,6
frequent,6
trade,6
warning,6
stuff,6
behold,6
eternal,6
exceed,6
endless,6
south,6
sentiment,6
cattle,6
civil,6
open,6
trouble,6
dog,6
trick,6
wide,6
reptile,6
thank,6
food,6
drown,6
strength,6
rest,6
ear,6
verse,6
grievous,6
oath,6
farm,6
fancy,6
course,6
plain,6
malignant,6
joy,6
warrior,6
command,6
shaft,6
nearly,6
pure,6
flame,6
rascal,6
rain,6
disguise,6
slight,6
naught,6
granite,6
prey,6
family,6
charm,6
plight,6
sour,6
generous,6
hunger,6
inspire,5
journey,5
cymbal,5
commit,5
pray,5
saki,5
rush,5
vast,5
betide,5
cure,5
infinite,5
wisdom,5
fault,5
mouthed,5
siegfried,5
bend,5
add,5
frost,5
vent,5
bent,5
cost,5
maid,5
herb,5
path,5
wall,5
report,5
flight,5
dryden,5
plume,5
absolutely,5
inevitable,5
wilt,5
mount,5
europe,5
region,5
read,5
shoe,5
propensity,5
general,5
insinuate,5
surely,5
assume,5
reflect,5
pool,5
neighbour,5
twa,5
walnut,5
bright,5
cherish,5
root,5
remembrance,5
winter,5
arouse,5
interest,5
treachery,5
wise,5
permit,5
lock,5
deal,5
check,5
drag,5
indignant,5
straight,5
twixt,5
deeply,5
road,5
ordinary,5
taint,5
catch,5
knowledge,5
wretched,5
hateful,5
ridge,5
freedom,5
wholly,5
honor,5
giant,5
altar,5
thin,5
brain,5
bed,5
glare,5
cloth,5
gaze,5
country,5
tall,5
intention,5
piece,5
pomp,5
crown,5
offend,5
torrent,5
establish,5
monstrous,5
infernal,5
de,5
bread,5
sprite,5
hunt,5
treat,5
oman,5
labor,5
idle,5
pitchy,5
defiance,5
villain,5
peculiar,5
natural,5
trash,5
shine,5
agamemnon,5
greatly,5
consider,5
point,5
bale,5
intent,5
vulture,5
settle,5
choice,5
conceal,5
trace,5
clear,5
safety,5
hang,5
wealth,5
doubtless,5
court,5
blessing,5
lofty,5
breed,5
bulk,5
compare,5
song,5
pasture,5
warm,5
hearted,5
brake,5
reveal,5
soil,5
mingle,5
simply,5
herd,5
remember,5
ba,5
one,5
affliction,5
idol,5
big,5
represent,5
justice,5
shriek,5
peril,5
naturally,5
yon,5
mutual,5
number,5
rāvana,5
intellect,5
glossy,5
horrible,5
intense,5
cluster,5
happiness,5
devilish,5
bee,5
fool,5
frown,5
blank,5
choose,5
utterly,5
trojans,5
detail,5
snake,5
bloody,5
excite,5
aid,5
want,5
company,5
call,5
reward,5
sun,5
harvest,5
eat,5
zeal,5
dismay,5
anon,5
depart,5
devil,5
horrid,5
weapon,5
anew,5
prince,5
approach,5
sacrifice,5
master,5
wake,4
icy,4
lovely,4
mickle,4
degree,4
study,4
befell,4
build,4
memory,4
ditch,4
metal,4
fine,4
greet,4
wreak,4
deem,4
kitchen,4
rend,4
reader,4
final,4
confusion,4
redeem,4
slain,4
grin,4
angel,4
witch,4
slander,4
whirlwind,4
loose,4
partly,4
conflict,4
sex,4
native,4
moan,4
victim,4
worm,4
bough,4
surround,4
stir,4
chamber,4
stocking,4
ah,4
fix,4
countenance,4
punishment,4
fresh,4
stroke,4
seer,4
ulysses,4
assail,4
lately,4
withdraw,4
ominous,4
consequence,4
meanness,4
author,4
causeless,4
neighbor,4
hagan,4
foeman,4
desperate,4
aeneas,4
worthless,4
expression,4
moral,4
serf,4
spiritual,4
party,4
crow,4
foreign,4
press,4
edge,4
boot,4
step,4
attempt,4
ball,4
brilliant,4
generally,4
influence,4
gap,4
sandal,4
threaten,4
clay,4
madden,4
phrase,4
disturb,4
pang,4
wood,4
source,4
feud,4
accord,4
dame,4
delicate,4
faith,4
lift,4
accomplish,4
practice,4
green,4
unable,4
dear,4
wile,4
car,4
pleasant,4
match,4
vale,4
fasten,4
unnatural,4
curtain,4
sigh,4
sand,4
shalt,4
complain,4
part,4
abyss,4
rite,4
rival,4
collection,4
guess,4
talk,4
summer,4
broad,4
temptation,4
portion,4
seriously,4
promise,4
blind,4
whisper,4
mischief,4
robe,4
perish,4
contagion,4
gaudy,4
saint,4
purely,4
dust,4
hap,4
manhood,4
sudden,4
brief,4
gasp,4
ugliness,4
damsel,4
gust,4
bunk,4
duty,4
news,4
sat,4
indulge,4
midst,4
throng,4
hagen,4
german,4
tower,4
bug,4
difficulty,4
superfluous,4
sole,4
doctrine,4
relief,4
restore,4
likely,4
smite,4
will,4
vainly,4
critic,4
branch,4
yore,4
croak,4
relieve,4
occasion,4
affright,4
singular,4
implacable,4
overwhelm,4
error,4
feed,4
church,4
beak,4
sneer,4
universal,4
empire,4
alien,4
beard,4
mix’d,4
abuse,4
speck,4
holy,4
opposition,4
device,4
lesson,4
fearful,4
lessen,4
hypocrisy,4
intolerable,4
inglorious,4
destruction,4
alder,4
excellent,4
disease,4
ascertain,4
mystery,4
purchase,4
jaw,4
mrs.,4
average,4
jetty,4
wash,4
welcome,4
street,4
men,4
stranger,4
courage,4
ashe,4
profane,4
gray,4
control,4
glitter,4
question,4
folly,4
gloom,4
delight,4
bold,4
odious,4
tread,4
guilt,4
reap,4
precipice,4
lurk,4
tribe,4
tyranny,4
fail,4
innumerable,4
nay,4
traffic,4
provide,4
remove,4
wet,4
table,4
opinion,4
thoroughly,4
hue,4
market,4
pine,4
betray,4
private,4
sink,4
apparently,4
gentle,4
harbor,4
accept,4
evening,4
concern,4
armour,4
muse,4
easily,4
require,4
quick,4
invent,4
grass,4
army,4
length,4
bury,4
humanity,4
dishonour,4
scarlet,4
temper,4
simple,4
crowd,4
murderer,4
rule,4
blindness,4
cap,4
darken,4
ii,4
mould,4
thrust,4
etzel,4
drift,4
sustain,4
perfect,4
affront,3
pig,3
exercise,3
language,3
poverty,3
hit,3
hari,3
regret,3
kindle,3
school,3
faced,3
sail,3
bark,3
lamb,3
ink,3
side,3
spend,3
repeat,3
propose,3
earn,3
faint,3
blight,3
blur,3
bosom,3
transcend,3
weed,3
circle,3
hill,3
tar,3
blot,3
sinner,3
exist,3
varnish,3
applause,3
unjust,3
gladness,3
forsake,3
ox,3
accurse,3
enmity,3
ridicule,3
chaste,3
repute,3
corruption,3
heap,3
congeal,3
melt,3
st.,3
wheel,3
gory,3
manly,3
coil,3
hole,3
neath,3
creed,3
sullen,3
tradition,3
prone,3
slumber,3
glorious,3
eagerness,3
longing,3
hiss,3
shoulder,3
climb,3
browed,3
mantilla,3
ground,3
stumble,3
aside,3
hector,3
sacred,3
strait,3
grendel,3
kin,3
fighting,3
scathe,3
entreat,3
lighten,3
science,3
debate,3
detestation,3
slow,3
damned,3
defy,3
wait,3
homestead,3
imaginary,3
avail,3
behest,3
outcast,3
provoke,3
fond,3
token,3
zeus,3
sake,3
yea,3
knave,3
dismal,3
golden,3
text,3
chieftain,3
hung,3
cow,3
morality,3
merit,3
pair,3
receive,3
weigh,3
caress,3
flesh,3
cocytus,3
rebuke,3
sweep,3
streak,3
peculiarly,3
tartarus,3
estate,3
pierce,3
freight,3
stray,3
ask,3
hall,3
exile,3
wolf,3
seal,3
travel,3
130,3
lee,3
theme,3
result,3
scarcely,3
scoff,3
recollection,3
lawyer,3
denounce,3
panther,3
element,3
sting,3
guilty,3
foot,3
selfish,3
dealing,3
narrow,3
pretence,3
lancelot,3
hag,3
thereof,3
useless,3
kindness,3
clean,3
hut,3
size,3
believe,3
square,3
stop,3
shut,3
certainty,3
thread,3
presently,3
real,3
contact,3
ghost,3
threat,3
late,3
conscience,3
whelp,3
supper,3
purple,3
carnage,3
guise,3
village,3
slaughter,3
nerve,3
puff,3
whatsoever,3
refrain,3
leap,3
bitterness,3
tie,3
dawn,3
prudence,3
seat,3
sparkle,3
chasm,3
possibly,3
trifle,3
furnish,3
greedy,3
crush,3
apollo,3
yellow,3
apart,3
banner,3
i.,3
maiden,3
rugged,3
crash,3
hale,3
nervous,3
hedge,3
waken,3
patient,3
mail,3
lower,3
nigh,3
surprise,3
vanity,3
cower,3
bar,3
aloft,3
disposition,3
oppose,3
wonder,3
pluto,3
picture,3
bulky,3
swallow,3
swear,3
success,3
feast,3
short,3
roar,3
kiss,3
annoy,3
spurn,3
triple,3
weakness,3
lion,3
billow,3
shudder,3
snow,3
impress,3
ensue,3
novelty,3
sheer,3
contempt'ous,3
descend,3
clang,3
railing,3
regard,3
champion,3
colour,3
describe,3
bramble,3
den,3
prophet,3
extremity,3
pantaloon,3
pursuit,3
homer,3
quantity,3
conviction,3
instrument,3
favorite,3
brew,3
damp,3
loom,3
preserve,3
cook,3
ultimate,3
watch,3
indian,3
copyright,3
malicious,3
convey,3
calculate,3
stupendous,3
dingy,3
jeer,3
evermore,3
remorse,3
glow,3
ignorance,3
performance,3
twere,3
vehement,3
dar’d,3
perfectly,3
pretty,3
mist,3
gay,3
impostor,3
bondage,3
sport,3
warfare,3
blackness,3
unequal,3
content,3
insect,3
idea,3
shoot,3
camp,3
firm,3
bonnet,3
cock,3
shew,3
surge,3
unreasonable,3
cloak,3
steel,3
connect,3
unusual,3
e’en,3
absurdity,3
annihilation,3
buy,3
deceit,3
beset,3
oblivion,3
calm,3
froth,3
attention,3
proportion,3
swing,3
exclamation,3
hovel,3
marble,3
curling,3
hideous,3
league,3
usual,3
writer,3
trodden,3
satin,3
supply,3
succour,3
perfume,3
entirely,3
atrocity,3
daughter,3
rife,3
bunche,3
thyself,3
heav’n,3
dungeon,3
magnify,3
suicide,3
stubborn,3
clos’d,3
ignorant,3
lance,3
spin,3
ungrateful,3
inside,3
image,3
flag,3
mourner,3
laugh’d,3
repay,3
instant,3
bow,3
retreat,3
weary,3
happen,3
lorenzo,3
knee,3
vision,3
absolute,3
explain,3
resemble,3
early,3
chase,3
prepare,3
achilles,3
ceaseless,3
judgment,3
torture,3
parent,3
righteous,3
existence,3
ebb,3
dim,3
lace,3
circumstance,3
slender,3
cordially,3
quote,3
stake,3
bearded,3
mercy,3
claim,3
system,3
mistress,3
jar,3
pause,3
falsehood,3
assassin,3
smooth,3
prolong,3
sorely,3
imperial,3
gulf,3
roll,3
wither,3
hellish,3
incense,3
mantle,3
spy,3
jealous,3
moderate,3
apply,3
unconquerable,3
liberty,3
jealousy,3
spain,3
experience,3
sick,3
gleam,3
story,3
adore,3
stage,3
crew,3
color,3
sit,3
scream,3
obscure,3
laughter,3
treacherous,3
bound,3
furrow,3
serve,3
west,3
trip,3
grey,3
pillar,3
growl,3
strangle,3
haste,3
offender,3
spectacle,3
pregnant,3
commence,3
constant,3
principle,3
wormwood,3
opportunity,3
happy,3
shameful,3
vanish,3
mad,3
divine,3
ride,3
mocking,3
allay,3
maintain,3
obey,3
earthly,3
salt,3
clearly,3
unruly,3
proffer,3
grave,3
forever,3
birth,3
flit,3
mourning,3
rear,3
baneful,3
nobly,3
eclipse,3
eagle,3
eyelid,3
truly,3
offspring,3
shelter,3
dole,3
void,3
repentance,3
deserve,3
perceive,3
scourge,3
habitation,2
understanding,2
bile,2
concur,2
misfortune,2
stupid,2
engender,2
door,2
acute,2
defeat,2
neck,2
criticism,2
bit,2
eternally,2
constantly,2
impatient,2
crosse,2
zeale,2
sob,2
ire,2
bide,2
extort,2
harbour,2
y,2
wol,2
substitute,2
satiate,2
roam,2
solitude,2
conquer,2
active,2
occurrence,2
petty,2
pecuniary,2
sale,2
companion,2
polluted,2
whit,2
sober,2
sleet,2
lightly,2
bade,2
valorous,2
sermon,2
extend,2
horde,2
foremost,2
bride,2
autumn,2
prospect,2
decide,2
process,2
brawl,2
gudrun,2
dismiss,2
crape,2
venture,2
acquaint,2
scotland,2
season,2
cross,2
banish,2
yahweh,2
tenant,2
farmer,2
brawny,2
helpless,2
fume,2
incline,2
roman,2
reply,2
greed,2
politically,2
custom,2
preacher,2
everlasting,2
glad,2
special,2
leather,2
hint,2
assembly,2
shot,2
arrest,2
admiration,2
gerard,2
horizon,2
certainly,2
captive,2
core,2
turbid,2
courser,2
enlarge,2
mane,2
frenzy,2
hither,2
drudge,2
marriage,2
censure,2
passage,2
return’d,2
vindictive,2
coarse,2
preach,2
ready,2
vapor,2
fortunate,2
beggar,2
load,2
trojan,2
distinct,2
toss,2
affirm,2
servant,2
limit,2
afraid,2
infamy,2
poesy,2
develop,2
unseemly,2
muck,2
london,2
augury,2
gods,2
level,2
justly,2
readier,2
spectre,2
phantom,2
ocean,2
skull,2
unspent,2
rampart,2
price,2
direful,2
expect,2
basket,2
dip,2
vulcan,2
helen,2
absurd,2
decay,2
authority,2
ev’ry,2
snarl,2
squat,2
prelacy,2
accursed,2
fiery,2
disgraceful,2
urg’d,2
dry,2
stoop,2
revolt,2
notion,2
shock,2
soot,2
pack,2
melancholy,2
animosity,2
mass,2
pipe,2
hat,2
valley,2
allow,2
tent,2
advantage,2
engage,2
brass,2
prophesy,2
uproar,2
seducer,2
mars,2
clatter’d,2
masse,2
pitiful,2
peasant,2
murk,2
lean,2
curious,2
scent,2
quicken,2
injury,2
wing'd,2
talon,2
claw,2
ha,2
augusta,2
lack,2
eager,2
bore,2
nightshade,2
friar,2
gale,2
fellow,2
pluck'd,2
gainst,2
address’d,2
ev’n,2
frame,2
buckler,2
vaunt,2
pour’d,2
look'd,2
store,2
abomination,2
slime,2
hundredfold,2
feature,2
leer,2
poppy,2
outlook,2
northeast,2
grind,2
expose,2
flush,2
burgundians,2
pall,2
fell,2
resound,2
satisfy,2
ugly,2
anchor,2
duck,2
horn,2
wasp,2
rarely,2
petal,2
violet,2
miller,2
prison,2
mingled,2
couch,2
gibbet,2
shrill,2
tremendous,2
attire,2
profession,2
fable,2
letter'd,2
pot,2
howl,2
sphere,2
hundred,2
hieroglyphic,2
glide,2
lend,2
trample,2
providence,2
gawaine,2
crimson,2
humor,2
mild,2
offer,2
clamour,2
abysmal,2
germ,2
captain,2
pleading,2
lucy,2
latent,2
embrace,2
kindly,2
loathe,2
seed,2
goad,2
deceive,2
office,2
prevent,2
recreant,2
rat,2
pelf,2
cling,2
consent,2
penury,2
recoil,2
bigot,2
blame,2
denote,2
severe,2
welter,2
greek,2
transport,2
history,2
society,2
crack,2
gild,2
whistle,2
robber,2
vex,2
thrilling,2
whip,2
itinerant,2
hire,2
toll,2
bell,2
joyous,2
minion,2
prevail,2
gang,2
tea,2
window,2
wailing,2
enow,2
capacity,2
hebrew,2
stands,2
abhorrence,2
sodom,2
slaver,2
roofless,2
kindre,2
chill,2
mock,2
silly,2
unsparing,2
cheer,2
rue,2
slope,2
venal,2
barbaric,2
prize,2
"loss,--",2
whereon,2
sweeping,2
snare,2
weave,2
kinsman,2
sable,2
ermine,2
deathless,2
gallant,2
199,2
request,2
declare,2
blacken,2
aye,2
famine,2
marah,2
rigor,2
overcoming,2
untried,2
encumbrance,2
brunhild,2
savage,2
breathe,2
shout,2
forebode,2
insist,2
impiety,2
cannibal,2
snuff,2
athene,2
thrice,2
torment,2
testimony,2
entreatment,2
continually,2
pen,2
trod,2
religion,2
sordid,2
meaning,2
nest,2
clothing,2
vomit,2
valour,2
penance,2
worshipper,2
"god,--",2
pharaoh,2
scud,2
cometh,2
rhyme,2
strive,2
stem,2
rape,2
therefrom,2
followeth,2
bite,2
diagnostic,2
deformity,2
sexless,2
"dust,--",2
mammon,2
boweth,2
sickly,2
trunk,2
familiar,2
scandal,2
loveth,2
saying,2
ilios,2
cyanus,2
dose,2
tradesman,2
profusion,2
room,2
usage,2
castle,2
unjustly,2
portal,2
eighty,2
targe,2
likewise,2
observe,2
totally,2
painful,2
busy,2
bringeth,2
encompass,2
mischievous,2
unbroken,2
arrive,2
distress,2
vagrant,2
agin,2
romance,2
sturdy,2
cloudy,2
proof,2
gate,2
d'ye,2
proper,2
silas,2
fleet,2
launch,2
attorney,2
contest,2
undo,2
safe,2
detect,2
bat,2
derivation,2
miss,2
necessarily,2
brush,2
sell,2
heartily,2
mysterious,2
float,2
awful,2
guard--,2
imposition,2
bull,2
fill'd,2
agree,2
finger,2
glee,2
mere,2
wherewith,2
hollow,2
handsome,2
vagabond,2
individual,2
woodland,2
trial,2
respect,2
fare,2
britain,2
beach,2
enjoy,2
lashing,2
breech,2
tail,2
proposal,2
deficient,2
impossible,2
mention,2
speaking,2
lure,2
bean,2
saturn,2
iniquity,2
soldier,2
cleanse,2
minerva,2
premature,2
search,2
hug,2
vulgar,2
slowly,2
teacher,2
hull,2
affection,2
unpleasing,2
summon,2
limited,2
specie,2
reach,2
wool,2
animal,2
outpour,2
coward,2
mellow’d,2
ev’ne,2
thus!—thy,2
misery!—begone,2
conquering,2
shapeless,2
heartless,2
convulsive,2
board,2
occasional,2
deserv'd,2
deck—(i,2
main,2
infamous,2
plaster,2
inch,2
popular,2
papist,2
appalling,2
determine,2
replete,2
steadily,2
fir,2
volume,2
behavior,2
insupportable,2
pinch,2
fairly,2
"eye,—by",2
fling,2
unrelieve,2
sweltering,2
me--,2
brute,2
similar,2
sanguinary,2
discord,2
herdsman,2
visit,2
sow,2
forthcoming,2
shaggy,2
defraud,2
uniformity,2
resolve,2
intend:—so,2
investigation,2
multiply,2
attainable,2
anticipate,2
acheron,2
voyage,2
doubly,2
successful,2
uniformly,2
determined,2
alternately,2
mute,2
resistance,2
untold,2
horror!—the,2
conceive,2
exception,2
rigid,2
excess,2
information,2
inquire,2
presentiment,2
cylindrical,2
especially,2
ordinarily,2
adapt,2
competition,2
exertion,2
proceed,2
perpetual,2
inculcate,2
slack,2
ascend,2
island,2
upper,2
employment,2
plea,2
pressure,2
vague,2
mirror,2
uttermost,2
e'en,2
mode,2
tirade,2
perfection,2
recover,2
widout,2
appliance,2
thereunto,2
astonished,2
especial,2
repayment,2
ash,2
beverage,2
admission,2
lurid,2
evident,2
exactly,2
odd,2
manifold,2
prelude,2
commensurate,2
villain!—speak,2
teeth—“you,2
copper,2
defense,2
superior,2
accrue,2
channel,2
solitary,2
collar,2
tax,2
correct,2
affair,2
twould,2
recital,2
subjugate,2
spherical,2
positive,2
headlong,2
friendship,2
dumb,2
aunt,2
concealment,2
damn,2
seem’d,2
solemnity,2
controul,2
energy,2
gross,2
pope,2
arrogant,2
class,2
minor,2
increasingly,2
loveliness,2
august,2
luck,2
fat,2
echo,2
rankle,2
confession,2
scribler,2
envious,2
upbraid,2
exquisite,2
essence,2
xxxviii,2
extravagance,2
entreaty,2
butterfly,2
nymphs,2
illustrate,2
obscurely,2
account,2
defile,2
confirm,2
beget,2
physic,2
female,2
intrude,2
weird,2
refer,2
imminent,2
wage,2
roof,2
whate'er,2
tumultuous,2
actress,2
magic,2
appetite,2
tour,2
listless,2
sweat,2
flare,2
flicker,2
dug,2
appearance,2
intercourse,2
artistic,2
poem,2
bloom,2
spark,2
hen,2
scale,2
spoil,2
suggest,2
transform,2
afar,2
delay,2
swell,2
superb,2
rivalry,2
preference,2
chide,2
usurper,2
include,2
instead,2
boundless,2
pencil,2
pow’r,2
turning,2
forbear,2
flow’d,2
avernus,2
pallas,2
grimly,2
boiling,2
english,2
dutch,2
block,2
show’d,2
strook,2
defence,2
flourish,2
score,2
ecstasy,2
urn,2
mightily,2
tired,2
defend,2
inflict,2
dissever,2
writing,2
ample,2
veined,2
overrun,2
hapless,2
oracular,2
isle,2
interchange,2
relate,2
cancel,2
atheist,2
giver,2
moon,2
merchant,2
quit,2
fatal,2
fleece,2
thither,2
brine,2
mischance,2
bronze,2
maker,2
foretold,2
magnolia,2
sarcastic,2
bestow,2
draught,2
visible,2
distinction,2
shiny,2
baseness,2
thrill,2
advance,2
cyclopes,2
gloome,2
caspian,2
apartment,2
centre,2
western,2
trivial,2
pigeon,2
cave,2
doublet,2
worship,2
cypress,2
adverse,2
decree,2
sister,2
throat,2
sarcophagus,2
dew,2
christmas,2
lurking,2
shroud,2
stretch,2
crawl,2
resentment,2
humble,2
hugh,2
withering,2
jovian,2
carcass,2
bison,2
garment,2
canker,2
boldly,2
yesterday,2
slimy,2
humour,2
barge,2
hungry,2
mud,2
dyak,2
pocket,2
o’er,2
threatening,2
own,2
stick,2
miracle,2
needless,2
dual,2
fright,2
saviour,2
beg,2
weight,2
cannon,2
nought,2
violent,2
olive,2
temple,2
title,2
writhe,2
2,2
pale,2
chuckle,2
scoundrel,2
bless,2
submission,2
weak'st,2
odour,2
correction,2
coldness,2
inflame,2
boat,2
cool,2
shouldst,2
divorce,2
starless,2
windward,2
quarrel,2
prejudice,2
apple,2
plough,2
julia,2
hardship,2
french,2
ravine,2
boar,2
jett,2
hid,2
sway,2
blighty,2
rattle,2
sailmaker,2
creaming,2
glue,2
flurry,2
remedy,2
train,2
subtle,2
burst,2
unrelenting,2
gratify,2
tendency,2
visage,2
contemning,2
overshoot,2
foretell,2
evidently,2
blaze,2
ne’er,2
frequently,2
prim,2
gun,2
blade,2
perform,2
expressive,2
peer,2
egypt,2
opening,2
steal,2
pet,2
coy,2
boast,2
soothe,2
accuse,2
approve,2
candle,2
bargain,2
sufficient,2
scar,2
peak,2
feeble,2
mechanical,2
modern,2
turn'd,2
plant,2
cheap,2
royal,2
grapple,2
queens,2
idleness,2
condescend,2
dispose,2
repel,2
ingrate,2
being,2
wily,2
dripping,2
treasure,2
alive,2
mov’d,2
onslaught,2
erewhile,2
weak,2
requital,2
travail,2
non,2
charge,2
presume,2
vapour,2
erst,2
scather,2
beheld,2
oppress,2
hunter,2
hater,2
tourney,2
tide,2
elf,2
fashion,2
rākshasa,2
danda,2
dissemble,2
different,2
discontent,2
suspicious,2
rākshasas,2
middle,2
bode,2
attend,2
shell,2
yoke,2
fal,2
possession,2
seethe,2
tyrians,2
sooth,2
ceremony,2
emotion,2
scarce,2
earl,2
foreboding,2
dye,2
situation,2
tend,2
physical,2
napoleon,2
progress,2
impart,2
derive,2
atmosphere,2
vasu,2
pudding,1
whate’er,1
abler,1
dusk,1
andrew,1
aching,1
gibe,1
turn--,1
dove,1
cake,1
woman!--ha,1
negress,1
bully,1
disagreeable,1
international,1
concerting,1
budha,1
striken,1
track,1
lavana,1
duel,1
protection,1
uncertain,1
conversion,1
legend,1
enthusiast,1
substance,1
s.,1
diamond,1
openest,1
impel,1
argus,1
pupil,1
rouse,1
rack,1
stupidly,1
visual,1
averroes,1
malecontent,1
booke,1
weare,1
doo,1
vertue,1
slaverie,1
beare,1
daphnis,1
vowe,1
teare,1
chaunce,1
dismall,1
aristotle,1
aspire,1
oppr,1
difference,1
thole,1
framing,1
thrytho,1
th'art,1
lucke,1
laura,1
nathless,1
swain,1
morrow,1
disdained,1
unconstant,1
circumpassed,1
ermelin,1
spotless,1
harme,1
unrest,1
bounden,1
appeareth,1
suffer'd,1
1430,1
1000,1
unkind,1
observer,1
t'opinion,1
t'exspire,1
overgrown,1
quaint,1
daemon,1
corse,1
fashion'd,1
fordoer,1
far'd,1
practically,1
caress--,1
spoke,1
agency,1
ev'n,1
hidiousness,1
clift,1
desertion,1
i'll,1
makin,1
transcendentalism,1
uproused,1
forsooth,1
drake,1
less,1
otherwhile,1
scrooge,1
swan,1
fictitious,1
dignity,1
habitude,1
abolish,1
execration,1
judging,1
expend,1
carthaginians,1
lucrative,1
prove--,1
disregard,1
knock,1
material,1
advancement,1
scum,1
thorn,1
recreate,1
receptacle,1
indicative,1
thrall,1
impenetrable,1
i'se,1
inherent,1
prosper,1
rapier,1
chimbley,1
forefeeling,1
55,1
perch,1
heaving,1
queenly,1
fuller,1
bigotry,1
jesuit,1
herald,1
unpromising,1
smithy,1
oust,1
methought,1
askance,1
desolate,1
bereavement,1
metaphor,1
commercial,1
assistance,1
opium,1
whig,1
slavite,1
partner,1
forgot,1
shortly,1
founder,1
grudge,1
war----,1
scythe,1
gown,1
came--,1
murmur,1
divide,1
chesapeake,1
frigate,1
simultaneously,1
lawful,1
abroad,1
endearment,1
thumb,1
twist,1
grinder,1
devonshire,1
104,1
92,1
parricide,1
blending,1
peaceful,1
forlorn,1
crescent,1
streamlet,1
acorn,1
excellency,1
viand,1
shepherdess,1
whenas,1
rolling,1
forward,1
crucifixion,1
brimm'd,1
"word,--and",1
"busy,--i",1
"dying,--the",1
sentimental,1
alexas,1
honesty,1
clearness,1
unkindness,1
majesty,1
own--,1
muses,1
crystal,1
unlawful,1
bugle,1
ode,1
translate,1
herrick,1
redden,1
condition,1
caesar,1
considerate,1
prognostic,1
threatning,1
imitation,1
sup'rabundant,1
pill,1
colouring,1
lov'd,1
posterity,1
indifferent,1
contingency,1
aspect,1
doomsday,1
exert,1
cibber,1
colley,1
vesper,1
monsieur,1
target,1
inconveniency,1
unblamed,1
coast,1
squall,1
feign,1
400,1
ey'd,1
basely,1
aloud,1
fierceness,1
"wished,--my",1
pretend,1
impute,1
unsettled,1
linger,1
zebe,1
sepulchre,1
phoenix,1
fog,1
spatter,1
sacrilege,1
expiate,1
presage,1
methink,1
ind.,1
nourmahal,1
menacing,1
prevailing,1
pardon,1
guardian,1
appear;--,1
officiously,1
reasonable,1
rumour,1
alway,1
portentous,1
trinacria,1
sibyl,1
capture,1
"hunger,--what",1
therewith,1
alas,1
swoln,1
subtilty,1
immortal,1
excellence,1
unwillingly,1
chaplet,1
trickle,1
leader,1
rein,1
accost,1
jawbone,1
crying,1
propound,1
unpropose,1
standard,1
production,1
submit,1
majestic,1
daub,1
worldly,1
violence,1
invoke,1
column,1
armed,1
bristle,1
ingrain,1
yawning,1
adultress,1
speckled,1
leper,1
undone,1
"him,--but",1
leisure,1
repent,1
dutchman,1
flocking,1
bodied,1
array,1
lake,1
1840,1
link,1
guiltless,1
crane,1
incessant,1
710,1
faggot,1
realm,1
pallid,1
mimic,1
t'will,1
eloquence,1
bead,1
capital,1
spout,1
satura,1
freeze,1
husbandman,1
bloodshed,1
essay,1
overmaster,1
liguria,1
thermodon,1
diana,1
diverse,1
obelisk,1
tress,1
magnificent,1
serge,1
confidence,1
consciousness,1
clerk,1
shining,1
separation,1
arithmetic,1
crude,1
flap,1
ashake,1
poplar,1
jupiter,1
butcher,1
jasper,1
cabinet,1
lacquered,1
sarcasm,1
flake,1
bunch,1
extrication,1
blackfoot,1
meager,1
soaring,1
drizzle,1
slandering,1
intruder,1
scare,1
dunstan,1
nick,1
"""--_layard",1
borak,1
al,1
weedy,1
lakelet,1
swoon,1
comply,1
annul,1
anomaly,1
michaelmas,1
apostle,1
secrete,1
dreamer,1
garland,1
nails,1
grieve,1
orchard,1
reverie,1
wistful,1
softly,1
fades,1
blossom,1
stallion,1
pump,1
pot--,1
cautery,1
corner,1
creation,1
mouth'd,1
vext,1
teaz,1
sleepy,1
sowre,1
impert'nence,1
fryar,1
favola,1
segui,1
donne,1
beatitude,1
fish,1
memorial,1
distinctness,1
portico,1
polish'd,1
despondence,1
lampoon,1
writ,1
noon,1
fops,1
linguists,1
reverend,1
welsted,1
gildon,1
misanthropy,1
chap,1
discomfort,1
coolness,1
hinder,1
resum'd,1
filthy,1
glove,1
thong,1
descry,1
reflection,1
trapping,1
frighten,1
jokim,1
legal,1
£,1
on't,1
spell,1
business,1
superfluity,1
pigstol,1
disrespect,1
exploit,1
procure,1
proportionate,1
mountainous,1
horridly,1
ebony,1
surrender,1
ornithology,1
swell'd,1
nourish,1
621,1
kiss'd,1
unaccountable,1
oaken,1
lapse,1
succumb,1
gin,1
fiendish,1
putrescence,1
infallible,1
quackery,1
expense,1
londoners,1
dominion,1
phiz,1
guv'nor,1
academy,1
lark,1
toledo,1
delirious,1
quiver,1
flagstone,1
successfully,1
merge,1
dizziness,1
instantly,1
seducement,1
arthur,1
disparagement,1
refus'd,1
seal'd,1
discomfiture,1
scanty,1
nut,1
weening,1
sportive,1
pageant,1
longsuffering,1
hickory,1
enigma:—i,1
yowl,1
infinitude,1
mental,1
jailor,1
indiscriminately,1
attain,1
unreal,1
eustace,1
devoted,1
glowing,1
daily,1
supervision,1
coincidence,1
petulant,1
admixture;—some,1
tedium,1
desk,1
luxuriance,1
red:—a,1
repine,1
seem'd,1
fle,1
uncontroul'd,1
arous'd,1
languor,1
parasite,1
ethic,1
"hesitate,—to",1
"murmur,—to",1
"rival,—the",1
think'st,1
apparent,1
contract,1
seemingly,1
minstrelsy,1
divinest,1
papa,1
pest,1
heracles,1
maniac,1
builder,1
topic,1
fortitude,1
loosen,1
fully,1
anticipative,1
unawares,1
careful,1
abundant,1
acknowledgment,1
induce,1
indefinable,1
intensely,1
calamity,1
unwilling,1
flannel,1
vigorous,1
ultimately,1
overboard,1
completely,1
collect,1
gallipago,1
closed,1
anxiety,1
morsel,1
wring,1
tribute,1
invariably,1
continued,1
imperfection,1
insight,1
hyena,1
gaunt,1
ran--,1
albatross,1
rough,1
sandy,1
unknown,1
occur,1
symptom,1
efficient,1
redan,1
eden,1
vineyard,1
mishap,1
haulm,1
revelry,1
maze,1
glistening,1
acrid,1
cheer'd,1
mournful,1
magnetic,1
slab,1
fade,1
inwardly,1
unspeakable,1
clamminess,1
latitude,1
exclamative,1
contradict,1
bittern,1
accurate,1
bodily,1
celery,1
gannet,1
moissart,1
mean?—i,1
customary,1
conventional,1
petrify,1
hitherto,1
cassiopoeia,1
manful,1
unmerite,1
parent!--i,1
liv'd,1
sickness,1
lora,1
foresee,1
award,1
withholden,1
distort,1
triumphant,1
imperceptible,1
embitter,1
rare,1
vowel,1
kerseymere,1
mistake,1
that?—better,1
wretch!—we,1
embroider,1
seldom,1
risk,1
doorway,1
concoct,1
croissart,1
diddle,1
manifestation,1
continuous,1
scratch,1
indiscriminate,1
fulsomely,1
blunt,1
unsuspicious,1
will--,1
indians,1
forsooth---,1
offense,1
laurel,1
haruspex,1
baboon,1
accoutre,1
w,1
elevate,1
indecorous,1
speedy,1
paroxysm,1
bawd,1
rash,1
phrygian,1
"heart,--let",1
tityos,1
flout,1
uncivilized,1
mill,1
somewhat,1
negative,1
pretense,1
malign,1
juggle,1
umbrella--,1
striped,1
willow,1
legg'd,1
charonian,1
drapery,1
lamentation,1
immediately,1
operate,1
macassar,1
lamp,1
damage,1
man-_fre,1
man-_friday,1
communion,1
goethe,1
camera,1
range,1
carpathian,1
dictate,1
forecast,1
delays--,1
withstand,1
fraud,1
baffle,1
kallundborg,1
overmatch,1
distil,1
exorcise,1
caste,1
an'-tanne,1
calamity--,1
fruiting,1
"street,--",1
raw,1
pile,1
witness,1
ruth,1
mar,1
bootless,1
awakes,1
loveless,1
rose,1
awoke,1
discard,1
velvet--,1
willingness,1
sovereign,1
supreme,1
splenetic,1
sonnets,1
johnson,1
incompatible,1
alarm,1
snort,1
tenderer,1
sully,1
volcanic,1
sequester,1
burden,1
favor,1
lightning,1
syren,1
sulphureous,1
pluck,1
fitting,1
smote,1
glides,1
ghostly,1
mound,1
unhonored,1
intenser,1
shackle,1
engineer,1
torn,1
fastidiously,1
obtrusive,1
exclusive,1
jocund,1
faithless,1
attendance,1
tedious,1
congeal'd,1
festal,1
venus,1
undertrod,1
unaccustomed,1
restrain,1
antony,1
hylæus,1
armies,1
exterior,1
reveal'd,1
language;--of,1
abolition,1
complaint,1
infinitely,1
immediate,1
consummate,1
contain,1
calamitous,1
wondrous,1
touch'd,1
wrangling,1
arrayed,1
blessed,1
interflow,1
idumea,1
pangs,1
singer,1
roots--,1
outer,1
streaked,1
solve,1
priest,1
scoffer,1
baptism,1
agitate,1
sectarian,1
wildly,1
shrine,1
"spell,--",1
"crow,--come",1
toryism,1
contrast,1
idly,1
leapt,1
east,1
stole,1
"treason,--in",1
marvel,1
uplift,1
unheeded,1
squadron,1
sharply,1
honest,1
close--,1
leopard,1
cedar,1
crocus,1
tuft,1
fruit--,1
suspect,1
particular,1
paul,1
sneak,1
charcoal,1
foolish,1
o'erleaps,1
second,1
straw,1
impending,1
shallow,1
leaflanders,1
chop,1
scared,1
laidly,1
spike,1
intricate,1
artifice,1
squirrel,1
slouch,1
retrench,1
fast,1
overhaul,1
garden,1
shiv're,1
conjoin'd,1
maul,1
parting,1
talente,1
ceiling,1
avert,1
"america,--the",1
irrepressible,1
loathing,1
conveyance,1
resolution,1
losel,1
tournament,1
condens'd,1
steam,1
seas'ning,1
shorten,1
abstract,1
serene,1
superintend,1
actual,1
deliberate,1
despot,1
linkt,1
twin,1
gyre,1
thro,1
"oils,--",1
guidon,1
speed,1
vulpine,1
angile,1
productive,1
disdain,1
pearce,1
incarnate,1
decisive,1
unfeele,1
medicine,1
repress'd,1
gable,1
huddle,1
legion,1
swirl,1
ughly,1
bottled,1
ribbon,1
possibility,1
elfish,1
reading,1
gentleman,1
notice,1
protestation,1
ape,1
dome,1
119:163,1
haired:--,1
grizzly,1
gawk,1
soom,1
height,1
jagged,1
terrors,1
lair,1
lords,1
axis,1
gnome,1
grotto,1
script,1
spawn,1
charnel,1
felon,1
dearth,1
repulsive,1
adjective,1
abortion,1
loom_e,1
strand,1
hush,1
dowson,1
143:012,1
142:003,1
speaker,1
140:011,1
139:022,1
zion,1
125:004,1
patriotism,1
corrupting,1
morosely,1
sensuality,1
cynically,1
transient,1
119:113,1
107:029,1
107:027,1
107:020,1
107:014,1
107:007,1
inheritance,1
101:005,1
091:010,1
090:016,1
instruction,1
046:002,1
sunday,1
disobedience,1
mundane,1
parlor,1
hidehart,1
decent,1
polite,1
undervalue,1
polish,1
reality,1
childish,1
heave,1
reconcile,1
meagre,1
booth,1
exciting,1
entice,1
beneficent,1
arianism,1
healthy,1
brummem,1
"laugh,--a",1
israel,1
078:050,1
fantasy,1
066:015,1
064:003,1
059:017,1
056:006,1
051:018,1
ferment,1
trail,1
scholarship,1
repressive,1
agitator,1
genuine,1
estimate,1
outbreak,1
freely,1
fouler,1
assassination,1
overtake,1
authorize,1
miscreant,1
immortality,1
criminal,1
college,1
tow,1
vampire,1
wickedness,1
041:002,1
037:040,1
036:005,1
034:021,1
034:018,1
034:007,1
031:006,1
027:002,1
026:005,1
026:001,1
025:018,1
025:017,1
mate,1
cultivate,1
fowl,1
"devils,--doubtless",1
marlboro,1
aristocrat,1
"aristocrat,--which",1
"nothing,--and",1
background,1
spaniard,1
satire,1
mexico,1
transit,1
notwithstanding,1
american,1
saadi,1
nathaniel,1
absorb,1
scoriae,1
grease,1
obsidian,1
subtler,1
exalt,1
011:006,1
010:002,1
009:010,1
007:016,1
sabre,1
aftertaste,1
praiseful,1
"truth,--",1
lonely,1
meyerbeer,1
obstinate,1
excited,1
accumulation,1
merchandise,1
value,1
effectual,1
acquaintance,1
cradle,1
sicken,1
cropful,1
theirs,1
undertaking,1
funereal,1
shelf,1
hawthorne,1
similarity,1
shamble,1
available,1
evince,1
known,1
you--_sacrifice_--i,1
yes,1
perozzi,1
extremely,1
crudity,1
constitutional,1
concession,1
cavalry,1
"roads,--and",1
cessation,1
auber,1
bustle,1
thinketh,1
wipe,1
enjoyment,1
hoarded,1
immitigable,1
evidence,1
adopt,1
revolution,1
signal,1
bible,1
beastly,1
glorify,1
maelstrom,1
aforethought,1
necessity,1
betrothal,1
ferdinand,1
absent,1
turks,1
occasionally,1
recall,1
depot,1
bonaparte,1
gas,1
distant,1
suspend,1
orderliness,1
inconvenience,1
civilian,1
dragged,1
bud,1
sprightly,1
suffering,1
insignificant,1
directly,1
again--,1
crested,1
frozen,1
except,1
sweetest,1
durst,1
approacheth,1
worthy,1
saw'st,1
fighter,1
uphold,1
meantime,1
warlike,1
harmonizing,1
desolation,1
strong:[159,1
chiefs,1
unmerited,1
tarry,1
forethought,1
sorest,1
incur,1
wherefore,1
therefor,1
forswore,1
ween,1
morning,1
"harm;""--but",1
pun,1
motionless,1
bertalda,1
instinctive,1
ravishing,1
garrick,1
leigh,1
lyric,1
communal,1
tense,1
intermingle,1
spaniards,1
litigation,1
disillusion,1
seclusion,1
dern,1
"time,--from",1
exaggeration,1
dwarf,1
educate,1
unanimous,1
recent,1
responsibility,1
conversation,1
alberich,1
faring,1
broadsword,1
wield,1
whoe'er,1
dietrich,1
traditional,1
listen,1
ineffable,1
mingling,1
development,1
remind,1
raschke,1
guenther,1
housekeep,1
"wound,--",1
nameless,1
hogni,1
signy,1
disenchantment,1
chin,1
planning,1
"swung,--",1
quake,1
pronounce,1
fitzurse,1
restless,1
becket,1
protestantism,1
fascination,1
conventual,1
corrode,1
discharge,1
crystalline,1
hoarsely,1
psalter,1
intone,1
rebel,1
spur,1
rode,1
pathetic,1
moor,1
legislate,1
"little,--such",1
painfully,1
bag,1
exhibit,1
scant,1
phantasm,1
throate,1
introduce,1
abide,1
examiner,1
motive,1
accomplice,1
epithet,1
notable,1
disconsolate,1
commentary,1
philosophy,1
calculated,1
immemorial,1
theater,1
multiform,1
ransom,1
mem’rie,1
pound,1
obscurity,1
confuse,1
assistant,1
assurance,1
fanferlot,1
pride!--,1
smart,1
shower,1
metallic,1
belt,1
wristband,1
pink,1
cotton,1
opponent,1
railroad,1
politic,1
employer,1
reel,1
numb,1
identification,1
artificial,1
infidel,1
dissatisfaction,1
zanga,1
duke,1
forc'd,1
employ'd,1
martyr,1
sway’d,1
doom’d,1
untiring,1
desp’rate,1
burthen,1
assault,1
assail’d,1
arose,1
check’d,1
high?--what,1
unbounded,1
errand,1
feign'd,1
wreck,1
kennel,1
rational,1
distinctly,1
rally,1
repell'd,1
hover,1
distraction,1
endear,1
diary,1
neuter,1
peradventure,1
beggarly,1
his,1
yell,1
bounty,1
apostate,1
central,1
questions?--trembling,1
amour,1
hoary,1
appear’d,1
weighs,1
engag’d,1
subdue,1
transgression,1
falls,1
phrensy,1
contaminating,1
floweret,1
mead,1
no!--the,1
pow’rless,1
menelaus,1
allies,1
liv’d,1
scap’d,1
inflam’d,1
enhance,1
automedon,1
penalty,1
palate,1
pall'd,1
gorge,1
brook,1
renounce,1
brotherhood,1
irrational,1
hadst,1
heighten,1
devastation,1
scheme,1
enclose,1
extinguish'd,1
growth,1
338,1
socrates,1
imprisonment,1
unambitious,1
shock'd,1
not,1
602,1
minister,1
debauch,1
epicure,1
charms?--or,1
skulk,1
water’d,1
conscious,1
constraint,1
fulfill’d,1
possess’d,1
reverted,1
impend,1
snuff[46,1
relapse,1
offering,1
scot,1
boon,1
procuress,1
reproof,1
dishonour'd,1
throng'd,1
redouble,1
hardy,1
war?--with,1
apt,1
sultan,1
conspiracy,1
presumptuous,1
depose,1
thought!--but,1
grand,1
charter,1
heel,1
covetous,1
faction,1
pent,1
subtly,1
sing,1
toiling,1
clatt’re,1
commenc’d,1
sland’r,1
farth,1
mem’ry,1
concert,1
fellowman,1
failure,1
captivity,1
lithuanian,1
string,1
sov’reign,1
involv’d,1
reproach’d,1
couple,1
slav’ry,1
bringing,1
heretofore,1
bull’s,1
treading,1
aldona,1
"cross,—these",1
plaudit,1
conceited,1
defamer,1
supremely,1
infect,1
thickly,1
vein,1
contemptuous,1
uncease,1
booming,1
patience,1
toy,1
mixed,1
berry,1
transfusion,1
fawn,1
sodden,1
"wit,--adaptation",1
bald,1
abstain,1
grackle,1
suburb,1
fold,1
pollution,1
leaf,1
ruff,1
induc’d,1
impell’d,1
mock’ry,1
reckless,1
remain’d,1
await,1
æneas,1
devoid,1
meek,1
wax'd,1
hearing,1
besprinkle,1
unsever'd,1
dar'd,1
remiss,1
o’erwhelm’d,1
bris,1
charg’d,1
hoard,1
worker,1
identical,1
inconsiderable,1
ostrich,1
athirst,1
gratitude,1
wreak'd,1
heritage,1
warn'd,1
burgundy,1
turn’d,1
mien,1
plung’d,1
dismiss’d,1
blare,1
spineless,1
gan,1
maidenly,1
attest,1
startle,1
dice”—_ffristial,1
cursèd,1
gleeman,1
bewilder'd,1
survey'd,1
fray,1
meeting,1
hauberk,1
tunic,1
rhineland,1
outrage,1
hostile,1
vengeful,1
bear'st,1
vest,1
possess'd,1
outside,1
deposit,1
stanza,1
gore,1
appeare,1
tempestuous,1
margrave,1
dishonor'd,1
hun,1
qualm,1
vigilant,1
ache,1
pyre,1
underneath--,1
encroachment,1
ruler,1
divinity,1
drowsing,1
bowl,1
earthquake,1
stench,1
inconceivable,1
stink,1
jade,1
dangerous,1
longstanding,1
simulate,1
lazy,1
eve,1
tangle,1
rumble,1
chilly,1
game--,1
translator,1
trumpery,1
mortified,1
manuscript,1
fare--'t,1
gnawing,1
dross,1
continue,1
scion,1
murrain,1
fain,1
arch,1
woolly,1
calvary,1
exultation,1
prophecy,1
unthinkable,1
vivian,1
red--,1
end--,1
modred,1
gaffed,1
emblems--,1
mortality,1
stately,1
covet,1
seasoning,1
meat,1
complacent,1
diver,1
beetle,1
rapacious,1
surname,1
rascality,1
42,1
decreed,1
messenger,1
witchcraft,1
archbishop,1
yonder,1
encourage,1
terribly,1
drunkenness,1
howling,1
disorderly,1
livelihood,1
jehovah,1
edg'd,1
enjoy'd,1
legacy,1
contraband,1
e'er,1
fuss,1
desdemona,1
holland,1
lucre,1
purge,1
arrant,1
stagnant,1
follow'd,1
disaster,1
quæ,1
inky,1
repose,1
realize,1
imp,1
determin'd,1
carve,1
hourly,1
threaten'd,1
receiv'd,1
clown,1
footstep,1
wince,1
fester,1
tempting,1
improve,1
candour,1
stomach,1
wander,1
spruce,1
sturdily,1
shriveled,1
entire,1
"tea,--green",1
trespassing,1
construe,1
"good,--an",1
numerous,1
unmistakable,1
habitan,1
accommodation,1
dicky,1
cadaverous,1
misprint,1
selfishly,1
practicable,1
betrayer,1
liver,1
gorgon,1
remain,1
wooer,1
forcedly,1
attachment,1
stratagem,1
drew,1
handicraft,1
commonly,1
unspeakably,1
tang,1
shrub,1
imagination,1
reform,1
cover'd,1
"capacity""--it",1
cheat,1
finish,1
haunch,1
"intelligence,--ever",1
underprop,1
spit,1
whare,1
feelin,1
sane,1
vell,1
solely,1
mature,1
dweller,1
aim,1
permanent,1
murd'rer,1
avoidable,1
monarch,1
bespeak,1
revolution--,1
indication,1
fang,1
quality,1
disposed,1
matron,1
082}a,1
barracks,1
asswage,1
conclusion,1
unvalued,1
retire,1
495,1
some;--then,1
"take,--not",1
cotter,1
ophelia.--what,1
counsellor,1
noontide,1
misty,1
lacking,1
plaque,1
phantastry,1
nod,1
tressed,1
de'il,1
muckle,1
hoist,1
v.,1
evasion,1
sculk,1
petunia,1
ant,1
chimney,1
daisies--,1
unprincipled,1
designation,1
wearisome,1
alfred,1
ingly,1
notoriously,1
bauble,1
drizzling,1
junior,1
flint,1
snake!--oh,1
unpleasant,1
toby,1
assertion,1
mistrustful,1
clouds,1
rout,1
call'd,1
laborious,1
deliver,1
astre,1
fiddling,1
dreg,1
decry--,1
fountain,1
elsy,1
avenge,1
liegeman,1
windows--,1
centipede,1
bodice,1
nasty,1
buzz,1
taketh,1
stark,1
bewail,1
fatten,1
eschew,1
hostility,1
mend,1
national,1
partook,1
frightful,1
still,1
creek,1
samite,1
beareth,1
wooing,1
hordes,1
morn,1
career,1
hist,1
deathly,1
rob,1
cliff,1
175,1
wrung,1
mystic,1
157,1
"spleen,[140",1
fitz,1
71,1
hubert,1
huntsman,1
roderick,1
humiliation,1
clan,1
douglas,1
bearing,1
angus,1
jolly,1
conceal'd,1
burgher,1
--but,1
on;--i,1
avow,1
borne,1
foray,1
arraignment,1
heather,1
plaid,1
232,1
craggy,1
adown,1
bout,1
clansman,1
90,1
friable,1
madam,1
industry,1
spelling,1
exhaustive,1
unravel,1
introduction,1
iv,1
greyhound,1
elemental,1
steep,1
semblance,1
moray,1
merry,1
"jack,[333",1
faint'st,1
wedlock,1
monger,1
whore,1
betwixt,1
taper,1
satirical,1
envoy,1
tonic,1
portculli,1
dower,1
singing,1
womankind,1
despiteful,1
touchstone,1
ladyship,1
gullery,1
chuck,1
viol,1
alluring,1
ballad,1
alphabet,1
chaseth,1
hideth,1
chariot,1
mare,1
belong,1
hent,1
fact![302,1
muster,1
solemn,1
stingless,1
prodigy,1
extrem'st,1
tune,1
rancour,1
spritely,1
dungy,1
blaster,1
villany,1
reviling,1
seizeth,1
"war,—but",1
renown,1
fragrant,1
rail,1
opprobrious,1
falsèd,1
filth,1
glorieth,1
faintly,1
display,1
"loveries,[493",1
impurity,1
damn'd,1
halter,1
lucia,1
pollute,1
fist,1
abhorrèd,1
cynic,1
abject,1
godness,1
milo,1
wonte,1
stutterer,1
landlord,1
publius,1
wench,1
indignity,1
oxstall,1
villainy,1
antilochos,1
yawn,1
thereon,1
stanch,1
verily,1
teukros,1
aias,1
sanctus,1
scholar,1
consume,1
beliza,1
courtier,1
leg,1
poseidon,1
hera,1
contrive,1
achaians,1
paris,1
peteos,1
censurer,1
canker'd,1
rank'st,1
inly,1
ruscus,1
nauseous,1
compounding,1
generously,1
partial,1
besetteth,1
ward,1
howsoever,1
hades,1
rub,1
forefront,1
fates,1
battalion,1
oïleus,1
crew[5,1
bottle,1
cupid,1
exemplify,1
despised,1
heal,1
poetic,1
unfelt,1
amplify,1
νευρήν,1
odysseus,1
chiefly,1
proitos,1
shelburne,1
mechanic,1
on--'twere,1
vengence,1
gather'd,1
assemblage,1
seraglio,1
dropp'd,1
reck'nings,1
comes--,1
mix'd,1
priam,1
doing,1
gat,1
skilled,1
seemeth,1
ares,1
thereat,1
improvident,1
poacher,1
outweigh,1
senseless,1
disdain--,1
retain,1
consign'd,1
spurn'd,1
triumpheth,1
perforce,1
bulwark,1
they're,1
estelle,1
seven,1
hatre,1
ally,1
arrange,1
agonize,1
bruise,1
pauper,1
walk,1
nobler,1
excrescence,1
dismiss'd,1
hurricane,1
knotty,1
past--,1
keeps,1
embrown'd,1
unquestionably,1
contemplate,1
working,1
distempered,1
confine,1
satan,1
sterner,1
veil'd,1
social,1
paste,1
recusat,1
meliora,1
falsis,1
acclinis,1
variegate,1
tumble,1
admit,1
brethren,1
er,1
corporal,1
boundin,1
imposture,1
poison'd,1
calling,1
methodistic,1
fallen,1
virgin,1
degrading,1
ask'd,1
beer,1
drinkin,1
invests,1
hoot,1
farthing,1
lad,1
craving,1
beauties,1
magnificently,1
view'd,1
afford,1
rapturous,1
it:--for,1
sublime,1
270,1
fertile,1
jesting,1
tuneful,1
alexandrus,1
slip,1
excite[66,1
frail,1
vegetable,1
"base;""--",1
310,1
footway,1
station,1
answer'd,1
nuisance,1
grinn'd,1
sear'd,1
knavery,1
judgement,1
protect,1
overhead,1
staunch,1
caricature,1
drab,1
modest,1
check'd,1
betray'd,1
alarm'd,1
engine,1
vital,1
bulwarks,1
presageful,1
return'd,1
t,1
gathering,1
congregated,1
delightful,1
alloy,1
quench,1
scar'd,1
opprobious,1
calvin,1
pinion,1
condolence,1
species,1
extraneous,1
disclose,1
bravely,1
drear,1
screen'd,1
few_—who,1
truce,1
portent,1
patroclus,1
tramp,1
achaeans,1
unheedful,1
occurrent,1
fragment,1
spoiler,1
destitute,1
embark,1
solar,1
list,1
reparation,1
ovid,1
enclosure,1
properly,1
laodamia,1
mightst,1
leanness,1
swarthy,1
potion,1
torch,1
reef,1
traffick,1
inscription,1
culture,1
entail,1
widow,1
harper,1
jewish,1
dance,1
cage,1
crept,1
ilius,1
rim,1
ajaxes,1
admire,1
relic,1
abandon,1
distance,1
flash,1
precedent,1
urgent,1
handle,1
observation,1
shark,1
hearty,1
tenfold,1
maw,1
population,1
eloquent,1
communication,1
rameau,1
appease,1
inflated,1
engraven,1
month,1
nazarenes,1
15,1
dinna,1
ferringhee,1
whisker,1
romans,1
mortally,1
bulwer,1
revolving,1
merciless,1
fetter,1
vermin,1
leslie,1
mary,1
lash,1
recognise,1
"clifford--""when",1
unearthly,1
swore,1
period,1
foster,1
mouse,1
aghast,1
paining,1
diabolical,1
fearfully,1
peeping,1
dribbling,1
silken,1
depict,1
russia,1
belief,1
cub,1
curiosity,1
havock,1
effectually,1
harmless,1
oak,1
disability,1
obsolete,1
imperfectly,1
defensive,1
oliver,1
club,1
stained,1
unmove,1
irreconcilable,1
surface,1
dunmail,1
invader,1
powerful,1
aggression,1
lyfe,1
mysorder,1
hood,1
juice,1
feather,1
rook,1
parade,1
laden,1
accent,1
current,1
impede,1
sage,1
rainbow,1
extortion,1
ghyll,1
roaring,1
dolour,1
stelle,1
dump,1
tempteth,1
adulterate,1
beguiling,1
tarquin,1
dispense,1
bewray,1
enforcement,1
unconceivably,1
unspotted,1
blunder,1
precipitous,1
judy,1
oftenest,1
stiff,1
challenge,1
cataract,1
steeple,1
sag,1
ignominious,1
selim,1
pony,1
drape,1
baby,1
wordsworth,1
boisterous,1
quietly,1
enigmatical,1
fascinating,1
impression,1
perverse,1
brothel,1
menagerie,1
ghastly,1
maturin,1
grotesque,1
goriot,1
monument,1
annunciation,1
lovable,1
deficiency,1
analyse,1
confessions,1
profoundly,1
bestial,1
furies,1
abrupt,1
satanical,1
compromise,1
babel,1
abettor,1
hatch,1
cuckoos,1
underneath,1
reeking,1
furnace,1
vaporous,1
endeavour,1
assay,1
eyebrow,1
sire,1
convince,1
objection,1
dedication,1
insurrection,1
devouring,1
despitefully,1
enforce,1
payment,1
radical,1
perversion,1
baudelaire,1
bantering,1
ivory,1
oat,1
barley,1
plague,1
prise,1
æsepus,1
jarred,1
shriek'd,1
grandfather,1
wretche,1
infirmity,1
ambitious,1
invective,1
liken,1
sail’d,1
pow’rful,1
relent,1
lovéd,1
threat’ne,1
hurl’d,1
wreakful,1
infer,1
bereft,1
impos’d,1
citizen,1
grant,1
diomed,1
glaucus,1
plum’d,1
usher’d,1
tincture,1
receiv’d,1
navy,1
womb,1
unburthen,1
stern’d,1
repulse,1
swine,1
shunn’d,1
wisely,1
ajax,1
goat,1
bray,1
distract,1
impress’d,1
incite,1
honour’d,1
pacify,1
thetis,1
brace,1
denounc’d,1
withal,1
suffer’d,1
oxen,1
fallow,1
imbru’d,1
aside--,1
vileness,1
clipt,1
republic,1
disproof,1
sloth,1
rag’d,1
polypæt,1
fill’d,1
chang’d,1
maintain’d,1
hurri,1
ey’d,1
drave,1
slaught’rous,1
harmful,1
spatter’d,1
stirr’d,1
broil,1
clear’d,1
default,1
heap’d,1
eminence,1
petitión,1
bow’d,1
peleus,1
amids,1
entry,1
hair’d,1
erinny,1
consum’d,1
rampt,1
forg’d,1
mourn’d,1
twill,1
sunk,1
radiance,1
watchful,1
contention,1
rent,1
retires,1
fadge,1
urge,1
champain,1
usher,1
crave,1
fount,1
rung,1
hawk,1
adultery,1
leolin,1
momentary,1
alm,1
sadness,1
beauteous,1
whirlpit,1
devotion,1
extinguishe,1
lone,1
game,1
3,1
assistful,1
fitly,1
wing’d,1
twitch,1
wrinch’d,1
discern’d,1
model,1
quenching,1
commend,1
depriv’d,1
vessel,1
exposition,1
christians,1
felonious,1
precept,1
opposite,1
annex,1
principal,1
scrupulous,1
swarm,1
worketh,1
assist,1
parish,1
vicious,1
balm,1
winning,1
getting,1
abominate,1
contemn,1
sanctity,1
persecute,1
animate,1
remonstrance,1
petitioners.[45,1
undesigned,1
food.[35,1
guide,1
chuse,1
publish,1
presbyterian,1
fanatic,1
jesuitic,1
disown,1
scull,1
government,1
imply,1
acceptation,1
precisely,1
fellowship,1
supremacy,1
innate,1
exprest.[98,1
clung,1
journalistic,1
bluff,1
sombre,1
fringe,1
benefactor,1
corn,1
thrive,1
is't,1
wreath,1
serpent,1
lacquer,1
tussock,1
rubbage,1
judge,1
shawl,1
lilacs,1
mistrust,1
popery,1
forefather,1
onset,1
destroy._--p.,1
oppressor,1
bill,1
tennison,1
conjecture,1
libel,1
diligence,1
domination,1
regal,1
spenser,1
astounded,1
tapestry,1
equity,1
inborn,1
"mend,[241",1
expedient,1
adversary,1
bribe,1
detest,1
humanely,1
scotch,1
diversion,1
manna,1
style,1
chear,1
ungilded,1
rebellion,1
indecent,1
parallel,1
hasten,1
burnet,1
samuel,1
231,1
mend._--p.,1
invisible,1
toe,1
strengthen,1
shadwell,1
fatigue,1
disavow,1
bard,1
padder,1
rhime,1
gethsemane,1
venome,1
"lives,—the",1
fan,1
teckelites,1
carlisle,1
fletcher,1
polygamy--,1
innocent,1
com,1
primal,1
noiseless,1
proffered,1
sadly,1
sweetness,1
dock,1
oozy,1
palm,1
drip,1
martial,1
citadel,1
tendril,1
flail,1
anticipation,1
churn,1
playing,1
heroic,1
formless,1
tankard,1
powder,1
traducer,1
splendid,1
sea--,1
council,1
blinding,1
blizzard,1
bleak,1
greed--,1
councils,1
naked,1
prairie,1
unconscious,1
pilgrimage,1
succulent,1
raiment,1
wrangle,1
leafless,1
barren,1
hangs,1
briar,1
symbolize,1
forbade,1
bon,1
le,1
jules,1
twilight,1
18.=,1
primitive,1
measurement,1
19.=,1
digging,1
jamie,1
adequately,1
8.=,1
pounce,1
impersonal,1
hump,1
mint,1
shrewd,1
crawler,1
viper,1
rejoy,1
vault,1
defenceless,1
exit,1
invasion,1
member,1
crest,1
asturia,1
comparison,1
ignobly,1
chivalrously,1
brutality,1
analogous,1
4.=,1
=,1
anybody,1
ferocious,1
varlet,1
visigothic,1
o’erspread,1
canopy,1
unconquered,1
revealing,1
intensest,1
venturer,1
factious,1
vense,1
muerte,1
"breach,--tho",1
drain,1
bellowing,1
movement,1
rescue,1
example,1
acmé,1
amaze,1
unprepared,1
shattered,1
conscript,1
fulfil,1
espartero,1
afflict,1
france,1
godoy,1
indignation,1
lavish,1
lordly,1
slightly,1
nears,1
languid,1
fichu,1
befit,1
burning,1
pontoon,1
balance,1
busaco,1
exaggerate,1
proclaim,1
caçadore,1
follower,1
deathful,1
lowing,1
scar;--anon,1
attendant,1
sundry,1
jack,1
ambigu,1
theatre,1
maid—“a,1
insuperable,1
forestalling,1
touching,1
firmly,1
prodigal,1
net,1
thievish,1
whoop,1
hind,1
paramour,1
shallop,1
profound,1
indicate,1
amazement,1
exchange,1
waive,1
cravat,1
enact,1
restrict,1
prosecute,1
steer,1
direction,1
sundering,1
suppress,1
overwhelming,1
corrupt,1
discipline,1
product,1
ornament,1
shadow:—bliss,1
goblet,1
apparel,1
strenuously,1
vot,1
chew,1
chambering,1
nose,1
virginal,1
mast,1
fee,1
satisfaction,1
hilarity,1
odiously,1
22,1
jump,1
consideration,1
ned,1
fun,1
december,1
girth,1
loving,1
hero,1
exult,1
soften,1
rouses,1
clamor,1
pitiless,1
clog,1
mitigate,1
canst,1
ruest,1
olympians,1
contrivance,1
urgency,1
o’ermask’d,1
godhead,1
pageantry,1
bidding,1
humankind,1
shameless,1
cope,1
oblivious,1
outcompass,1
conjure,1
24,1
littleness,1
resent,1
alderly,1
jem,1
nocturnal,1
trust,1
knot,1
deform’d,1
better’d,1
unroll,1
melée,1
hurt,1
usèd,1
reckon,1
worse,1
"desire,--and",1
rajah,1
thirst,1
fruitful,1
overwhelmed,1
ensconce,1
plush,1
wretchedness,1
where’er,1
succor,1
unfortunate,1
bandbox,1
mess,1
agreeable,1
kindly—“business,1
remark,1
premeditated,1
refresh,1
portend,1
rope,1
upright,1
prefer,1
152,1
deception,1
forbid,1
genii,1
myriad,1
mov'd,1
laugh'd,1
prompt,1
reluctant,1
arvalan,1
orb,1
sweare,1
freend,1
beame,1
parcht,1
selfe,1
futile,1
boulder,1
sinister,1
hollows,1
strained,1
dian,1
snaky,1
peered,1
pyramid,1
clustering,1
rod,1
fac’d,1
fruitless,1
hunting,1
680,1
flaw,1
chaos,1
consult,1
931,1
790,1
cycle,1
returns,1
winke,1
woes,1
inke,1
languisht,1
brooke,1
o’ercome,1
haven,1
unshaven,1
june,1
branched,1
fastnet,1
parson,1
combat,1
precede,1
mexicans,1
grip,1
broken,1
stringy,1
throng--,1
voide,1
perchaunce,1
noisy,1
masted,1
cup--,1
promotion,1
aspersion,1
retract,1
beaut,1
loam,1
aflame,1
favour’d,1
churlish,1
obedience,1
fanged,1
craven,1
overseas,1
european,1
instinctively,1
profit,1
discouragement,1
ingredient,1
verb,1
assuage,1
laryngeal,1
toffee,1
jam,1
fastidious,1
hogge,1
ailment,1
effete,1
corpus,1
untainted,1
morass,1
ridiculous,1
coercive,1
garrison,1
alleviate,1
abhorrent,1
soapdish,1
soper,1
puppy,1
domicile,1
griffin,1
kellogg,1
traitress,1
cowardly,1
unmannerly,1
ægéus,1
unaltered,1
immunity,1
inebriate,1
tobacco,1
quiet,1
invincible,1
relish,1
friz,1
preparation,1
incurable,1
dragon,1
fugitive,1
120,1
discredit,1
accordingly,1
subterfuge,1
spirited,1
this--,1
doubtfully,1
62,1
be--,1
mile,1
paper,1
cheeked,1
gomorrah,1
burnish,1
beowulf,1
atrocious,1
orphan,1
plumage,1
shy,1
aged,1
christ,1
sharpen’d,1
turban,1
girdle,1
spurt,1
tonight,1
nibble,1
uncover,1
oar,1
barrow,1
hrethel,1
hummingbird,1
pharisee,1
joint,1
remembered,1
championship,1
limitless,1
510,1
unbeliever,1
reliance,1
revolve,1
awaken’d,1
madly,1
instantaneous,1
favourite,1
implore,1
discourse,1
inmost,1
instill’d,1
garret,1
bed!—i,1
scorn’d,1
compact,1
warn,1
thomas,1
peter—“here?—i,1
riband,1
debt,1
robert,1
explore,1
ecstatic,1
fanny,1
reach’d,1
commandment,1
herod,1
sweeten,1
profuse,1
union,1
d,1
john,1
meal,1
usurious,1
soft’ner,1
disperse,1
refusal,1
tender,1
mirth,1
destroy’d,1
trader,1
patch,1
cautious,1
proverb,1
broom,1
building,1
vanish’d,1
earth!—while,1
grows,1
enemies,1
humbler,1
dreaded,1
fashions,1
infirmities,1
reserve,1
favour,1
afraid?—my,1
wrapt,1
unnerve,1
intriguing,1
magician,1
instil,1
unbending,1
vicar,1
oppos’d,1
cot,1
stairs,1
forsaken,1
disdain’d,1
conceal’d,1
appeal,1
230,1
geatish,1
harrying,1
weders,1
unende,1
victor,1
few,1
rapture,1
cain,1
scissors,1
edit,1
opprest,1
moralising,1
doctor,1
eormenric,1
outlaw,1
falchion,1
bestir,1
avenger,1
dishonest,1
experienc’d,1
acquir’d,1
rivalship,1
distress’d,1
heaviness,1
stress,1
hotly,1
chafe,1
princess,1
hue--,1
lüdegast,1
heaping,1
ambush,1
2b,1
bane,1
entreated,1
siegmund,1
scott,1
james,1
terrible—-i,1
precious,1
warder,1
niblungs,1
faithful,1
uptossed,1
affliction!--behold,1
meed,1
stature,1
dealer,1
awake,1
knead,1
ruthlessly,1
upbraiding,1
enfold,1
betrayal,1
holden,1
gride,1
discourtesy,1
volker,1
gibeke,1
doeth,1
emprise,1
careless,1
greeting,1
passionate,1
nowise,1
thane,1
undye,1
rang,1
rüdiger,1
wroth,1
"pain""--",1
cromwell,1
lawes,1
furious,1
monarchy,1
typographical,1
multitudinous,1
vicissitude,1
gloating,1
light'ne,1
glaive,1
coming,1
giselher,1
caitiff,1
troneg,1
minstrel,1
beseemeth,1
spotlesse,1
ich,1
mistris,1
sack,1
logick,1
carelesse,1
chast’neth,1
parliament,1
hazard,1
ostentatious,1
intolerance,1
awaken,1
phase,1
watchfulness,1
stealthily,1
solicitation,1
linnen,1
feeder,1
counterfeit,1
doateth,1
irish,1
cuckolds,1
ne’r,1
smother,1
conquest,1
peruse,1
adam,1
quill,1
penny,1
bowle,1
um,1
halfe,1
parody,1
liturgies,1
improvement,1
||,1
cynthia,1
haire,1
blous,1
consequent,1
mutilate,1
repugnance,1
whichever,1
canton,1
familiarity,1
reverence,1
filial,1
souldier,1
childhood,1
inertia,1
alliance,1
farce,1
marten,1
spungius,1
fry,1
synod,1
exceptionally,1
rahéro,1
tevas,1
hir,1
wrecchednesse,1
regicide,1
unattended,1
proved,1
forcible,1
certify,1
satisfactory,1
telephone,1
considerable,1
professor,1
acerbity,1
carrier,1
emphasis,1
soever,1
slug,1
heavily,1
mansion,1
gladden,1
trammel,1
perfectness,1
plunder,1
doubtful,1
"room,--",1
statesman,1
knaw,1
procrastication,1
deprive,1
blam’d,1
thraldom,1
reverse,1
nurture,1
flinty,1
rot,1
"coats,--eager",1
poodle,1
labourer,1
dotard,1
hymn,1
fungus,1
lichen,1
silver,1
freudenthal,1
cymbol,1
diabolic,1
light--,1
twitching,1
writhing,1
pick,1
infinity,1
reclaim’d,1
speechless,1
fed,1
pelasgian,1
downfall,1
pull,1
cunning,1
last,1
heroically,1
faithfully,1
reference,1
fate--,1
wire,1
interpreter,1
zanzibar,1
dirty,1
dissatisfied,1
eternity,1
universe,1
alleviates,1
billowing,1
briefly,1
milk,1
libyans,1
dido,1
harpy,1
clot,1
incontinent,1
belly,1
heifer,1
marauder,1
sorrowful,1
"tenedos,--i",1
unseee,1
craft,1
tangled,1
friendly,1
initial,1
ingrained,1
ambitions,1
achieve,1
phlegyas,1
lifetime,1
drug,1
unlovely,1
joys,1
counselling,1
bullock,1
birdless,1
ornos,1
streaming,1
words:--“what,1
funeral,1
grudging,1
say:--“o,1
ones:--“lucagus,1
got,1
clash,1
gigantic,1
eruption,1
flowing,1
acestes,1
event,1
nile,1
phaedra,1
spiky,1
bacchus,1
murphy,1
bombast,1
intrusion,1
inclined,1
whining,1
escapist,1
epicurean,1
leaping,1
thickens,1
them--,1
turnus,1
swe,1
orange,1
liar,1
consign,1
"hand,--the",1
surquidrye,1
penal,1
memorie,1
demonstration,1
bitther,1
aquatic,1
temporarily,1
harry,1
medical,1
record,1
gastronomical,1
phil,1
agrarian,1
slide,1
harvey,1
entertain,1
passione,1
dollar,1
railway,1
nitro,1
bomb,1
rifle,1
jeering,1
query,1
`,1
peyne,1
helle,1
purchace,1
laughen,1
fille,1
hem,1
presumpcioun,1
wax,1
foreshadow,1
hatchet,1
perfumed,1
futurity,1
bankruptcy,1
uncontrolle,1
490,1
abortive,1
rift,1
post,1
mandate,1
blanch,1
chorus,1
wagnerian,1
marksman,1
impetuous,1
bali,1
collyrium,1
cyalā,1
compose,1
inert,1
preside,1
pushpaka,1
pact,1
perplexed,1
aggravate,1
commentator,1
1,1
compass,1
girt,1
nārāyana,1
arjuna,1
speedily,1
elephant,1
"her—""o",1
hal,1
dacagriva,1
sakra,1
confront,1
sumālin,1
unwillingness,1
literally,1
councillor,1
demon—’o,1
māndhāta,1
prahlada,1
celestial,1
him:—’o,1
undergo,1
allege,1
devayani:—’thou,1
falsify,1
sitā,1
lakshmana,1
highly,1
riches,1
enterprise,1
delicacy,1
discountenance,1
obstruct,1
vāsava,1
prowess,1
himself—’this,1
shepherd,1
rais'd,1
repuls'd,1
proffer'd,1
eke,1
teen.[46,1
gazette,1
sinew,1
negro,1
elm,1
harlot,1
unborn,1
saith,1
heed,1
wizardry,1
skill,1
coalesce,1
tinge,1
bliss,1
unworthiness,1
orient,1
gleaming,1
timber,1
plucking,1
nubian,1
witless,1
anna,1
d'you,1
sidelong,1
put,1
unseen,1
ern,1
