line_index,LD_value
1,-1.0
2,-1.0
3,-1.0
4,-1.0
5,-1.0
6,-1.0
7,-1.0
8,-1.0
9,-1.0
10,-1.0
11,-1.0
12,-1.0
13,-1.0
14,-1.0
15,-1.0
16,-1.0
17,-1.0
18,-1.0
19,-1.0
20,-1.0
21,-1.0
22,-1.0
23,-1.0
24,-1.0
25,-1.0
26,-1.0
27,-1.0
28,-1.0
29,-1.0
30,-1.0
31,-1.0
32,-1.0
33,-1.0
34,1.0
35,0.3333333333333333
36,1.25
37,1.0
38,0.5
39,0.5
40,-1.0
41,-1.0
42,-1.0
43,-1.0
44,-1.0
45,-1.0
46,-1.0
47,-1.0
48,-1.0
49,2.0
50,0.0
51,0.5
52,2.0
53,1.0
54,0.25
55,0.75
56,-1.0
57,2.0
58,1.0
59,2.0
60,0.0
61,-1.0
62,0.0
63,0.0
64,0.25
65,-1.0
66,-1.0
67,4.0
68,0.6666666666666666
69,-1.0
70,0.3333333333333333
71,1.0
72,0.6666666666666666
73,-1.0
74,4.0
75,2.0
76,1.0
77,0.3333333333333333
78,0.0
79,0.0
80,2.0
81,2.0
82,-1.0
83,1.0
84,-1.0
85,1.0
86,0.0
87,-1.0
88,0.0
89,-1.0
90,-1.0
91,-1.0
92,1.0
93,-1.0
94,1.0
95,0.5
96,1.0
97,1.0
98,-1.0
99,-1.0
100,0.0
101,2.0
102,1.0
103,0.0
104,3.0
105,0.6
106,-1.0
107,4.0
108,4.0
109,0.5
110,1.0
111,-1.0
112,0.6666666666666666
113,1.5
114,1.0
115,4.0
116,1.5
117,2.0
118,0.0
119,0.5
120,4.0
121,1.0
122,3.0
123,0.5
124,0.5
125,2.0
126,0.0
127,0.0
128,0.0
129,2.0
130,0.5
131,1.5
132,0.5
133,-1.0
134,-1.0
135,1.0
136,2.0
137,0.3333333333333333
138,-1.0
139,2.0
140,0.0
141,1.0
142,-1.0
143,0.5
144,-1.0
145,0.5
146,1.5
147,0.3333333333333333
148,2.0
149,-1.0
150,0.6666666666666666
151,-1.0
152,1.5
153,-1.0
154,-1.0
155,-1.0
156,-1.0
157,-1.0
158,-1.0
159,-1.0
160,-1.0
161,-1.0
162,-1.0
163,-1.0
164,-1.0
165,-1.0
166,-1.0
167,-1.0
168,-1.0
169,-1.0
170,-1.0
171,1.0
172,-1.0
173,0.0
174,-1.0
175,0.0
176,-1.0
177,0.0
178,-1.0
179,-1.0
180,-1.0
181,0.0
182,-1.0
183,1.0
184,-1.0
185,-1.0
186,-1.0
187,-1.0
188,-1.0
189,1.0
190,-1.0
191,-1.0
192,-1.0
193,-1.0
194,-1.0
195,-1.0
196,-1.0
197,-1.0
198,-1.0
199,-1.0
200,-1.0
201,-1.0
202,-1.0
203,-1.0
204,-1.0
205,-1.0
206,-1.0
207,-1.0
208,-1.0
209,-1.0
210,0.6666666666666666
211,-1.0
212,-1.0
213,-1.0
214,0.5
215,1.0
216,1.0
217,1.0
218,1.0
219,0.5
220,1.0
221,-1.0
222,1.0
223,1.0
224,2.0
225,1.0
226,1.0
227,-1.0
228,-1.0
229,-1.0
230,-1.0
231,0.0
232,1.0
233,1.0
234,-1.0
235,3.0
236,1.0
237,0.0
238,1.0
239,2.0
240,-1.0
241,2.0
242,-1.0
243,1.0
244,-1.0
245,-1.0
246,0.5
247,-1.0
248,0.0
249,0.5
250,3.0
251,-1.0
252,1.0
253,0.0
254,0.0
255,0.0
256,1.5
257,0.0
258,-1.0
259,1.5
260,3.0
261,-1.0
262,0.0
263,1.5
264,-1.0
265,3.0
266,0.0
267,2.0
268,2.0
269,0.3333333333333333
270,-1.0
271,-1.0
272,-1.0
273,0.5
274,2.0
275,0.0
276,1.0
277,4.0
278,2.0
279,1.0
280,0.0
281,-1.0
282,1.0
283,-1.0
284,4.0
285,0.5
286,0.5
287,0.5
288,-1.0
289,1.0
290,-1.0
291,1.0
292,0.5
293,0.0
294,0.5
295,-1.0
296,-1.0
297,1.0
298,-1.0
299,-1.0
300,1.0
301,2.0
302,-1.0
303,-1.0
304,-1.0
305,1.0
306,1.0
307,-1.0
308,-1.0
309,0.0
310,1.0
311,-1.0
312,2.0
313,-1.0
314,0.0
315,2.0
316,-1.0
317,-1.0
318,-1.0
319,0.5
320,-1.0
321,1.0
322,0.0
323,-1.0
324,1.0
325,0.0
326,-1.0
327,0.0
328,2.0
329,-1.0
330,-1.0
331,0.0
332,-1.0
333,-1.0
334,4.0
335,0.0
336,-1.0
337,-1.0
338,-1.0
339,0.0
340,-1.0
341,0.5
342,-1.0
343,0.5
344,-1.0
345,0.25
346,-1.0
347,-1.0
348,-1.0
349,-1.0
350,0.5
351,-1.0
352,-1.0
353,-1.0
354,0.5
355,0.0
356,3.0
357,1.0
358,-1.0
359,1.0
360,1.0
361,0.5
362,-1.0
363,-1.0
364,0.0
365,-1.0
366,1.0
367,2.0
368,1.0
369,1.0
370,-1.0
371,1.0
372,1.0
373,0.0
374,0.0
375,0.0
376,-1.0
377,1.0
378,1.0
379,1.0
380,0.0
381,-1.0
382,1.0
383,0.5
384,0.0
385,2.0
386,2.0
387,-1.0
388,0.0
389,0.0
390,1.0
391,-1.0
392,1.0
393,1.0
394,1.0
395,0.0
396,1.0
397,0.5
398,-1.0
399,0.5
400,-1.0
401,-1.0
402,-1.0
403,-1.0
404,1.0
405,1.0
406,-1.0
407,1.0
408,-1.0
409,0.5
410,-1.0
411,-1.0
412,-1.0
413,1.0
414,4.0
415,1.0
416,0.5
417,0.0
418,0.3333333333333333
419,-1.0
420,-1.0
421,1.0
422,1.0
423,2.0
424,-1.0
425,0.5
426,2.0
427,1.0
428,1.5
429,1.0
430,0.3333333333333333
431,-1.0
432,0.5
433,3.0
434,-1.0
435,0.5
436,1.0
437,0.0
438,0.0
439,2.0
440,1.0
441,-1.0
442,-1.0
443,0.5
444,-1.0
445,0.5
446,-1.0
447,-1.0
448,-1.0
449,0.0
450,-1.0
451,3.0
452,0.0
453,0.0
454,-1.0
455,0.0
456,1.0
457,2.0
458,1.0
459,-1.0
460,-1.0
461,2.0
462,1.0
463,1.0
464,-1.0
465,1.0
466,2.0
467,4.0
468,-1.0
469,0.0
470,-1.0
471,1.0
472,-1.0
473,2.0
474,0.0
475,1.0
476,0.0
477,-1.0
478,1.0
479,-1.0
480,-1.0
481,3.0
482,0.0
483,-1.0
484,1.0
485,1.0
486,0.0
487,2.0
488,-1.0
489,0.3333333333333333
490,1.0
491,0.0
492,1.0
493,0.0
494,0.0
495,3.0
496,-1.0
497,0.0
498,1.0
499,-1.0
500,0.0
501,4.0
502,2.0
503,1.0
504,-1.0
505,1.0
506,-1.0
507,-1.0
508,-1.0
509,-1.0
510,1.0
511,-1.0
512,-1.0
513,-1.0
514,-1.0
515,1.0
516,0.0
517,-1.0
518,5.0
519,-1.0
520,-1.0
521,0.5
522,1.0
523,1.0
524,0.0
525,1.0
526,-1.0
527,1.0
528,1.0
529,1.0
530,1.0
531,-1.0
532,3.0
533,-1.0
534,-1.0
535,-1.0
536,1.0
537,0.5
538,2.0
539,0.5
540,2.0
541,-1.0
542,2.0
543,0.25
544,2.0
545,0.0
546,-1.0
547,0.5
548,0.5
549,1.0
550,2.0
551,1.0
552,1.0
553,0.0
554,0.0
555,2.0
556,2.0
557,0.5
558,0.0
559,-1.0
560,0.0
561,2.0
562,1.0
563,1.0
564,3.0
565,0.0
566,1.0
567,0.5
568,-1.0
569,1.5
570,0.0
571,2.0
572,-1.0
573,-1.0
574,-1.0
575,2.0
576,1.0
577,3.0
578,1.0
579,-1.0
580,-1.0
581,2.0
582,1.0
583,-1.0
584,0.5
585,1.0
586,0.5
587,0.5
588,0.0
589,-1.0
590,1.0
591,0.0
592,-1.0
593,2.0
594,0.5
595,-1.0
596,0.0
597,-1.0
598,1.0
599,2.0
600,-1.0
601,-1.0
602,-1.0
603,1.0
604,1.0
605,1.0
606,0.0
607,-1.0
608,-1.0
609,-1.0
610,0.0
611,0.0
612,-1.0
613,2.0
614,1.0
615,-1.0
616,0.0
617,-1.0
618,-1.0
619,1.0
620,1.0
621,1.0
622,0.0
623,-1.0
624,0.5
625,1.0
626,3.0
627,1.0
628,2.0
629,0.5
630,-1.0
631,-1.0
632,1.0
633,1.0
634,0.0
635,0.0
636,2.0
637,1.0
638,-1.0
639,-1.0
640,0.5
641,-1.0
642,1.0
643,-1.0
644,-1.0
645,2.0
646,2.0
647,-1.0
648,-1.0
649,0.6666666666666666
650,-1.0
651,0.5
652,0.0
653,0.5
654,-1.0
655,0.5
656,0.5
657,0.5
658,-1.0
659,-1.0
660,0.5
661,5.0
662,0.5
663,-1.0
664,-1.0
665,0.3333333333333333
666,1.0
667,2.0
668,1.0
669,1.0
670,2.0
671,0.0
672,1.0
673,0.0
674,2.0
675,0.5
676,0.0
677,1.0
678,0.5
679,-1.0
680,0.0
681,1.0
682,-1.0
683,1.0
684,0.3333333333333333
685,1.0
686,0.5
687,-1.0
688,0.0
689,0.5
690,1.0
691,-1.0
692,0.0
693,1.0
694,0.0
695,0.3333333333333333
696,-1.0
697,-1.0
698,-1.0
699,1.0
700,1.0
701,-1.0
702,-1.0
703,2.0
704,1.0
705,0.5
706,0.0
707,-1.0
708,-1.0
709,1.0
710,1.0
711,-1.0
712,0.0
713,-1.0
714,-1.0
715,-1.0
716,0.0
717,0.0
718,0.0
719,0.3333333333333333
720,2.0
721,1.0
722,2.0
723,0.3333333333333333
724,0.0
725,0.0
726,0.0
727,1.0
728,1.0
729,0.0
730,1.0
731,2.0
732,-1.0
733,0.5
734,-1.0
735,0.0
736,-1.0
737,0.5
738,0.5
739,2.0
740,-1.0
741,-1.0
742,1.0
743,0.0
744,-1.0
745,-1.0
746,-1.0
747,2.0
748,0.0
749,1.0
750,-1.0
751,-1.0
752,1.0
753,0.0
754,-1.0
755,1.0
756,0.0
757,1.0
758,0.0
759,1.0
760,-1.0
761,0.0
762,0.5
763,2.0
764,1.0
765,1.0
766,0.0
767,2.0
768,2.0
769,1.0
770,-1.0
771,0.0
772,0.0
773,1.0
774,-1.0
775,1.0
776,-1.0
777,1.0
778,-1.0
779,1.0
780,2.0
781,-1.0
782,0.0
783,-1.0
784,-1.0
785,1.0
786,1.0
787,0.5
788,-1.0
789,2.0
790,1.0
791,1.0
792,0.0
793,2.0
794,0.5
795,2.0
796,2.0
797,2.0
798,1.0
799,3.0
800,-1.0
801,1.5
802,1.0
803,0.5
804,1.0
805,0.5
806,0.5
807,1.0
808,1.0
809,1.0
810,2.0
811,1.0
812,2.0
813,2.0
814,0.5
815,1.0
816,2.0
817,-1.0
818,0.0
819,2.0
820,0.0
821,-1.0
822,-1.0
823,-1.0
824,0.5
825,1.0
826,1.0
827,0.6666666666666666
828,0.0
829,-1.0
830,1.0
831,1.0
832,0.5
833,2.0
834,0.0
835,2.0
836,0.0
837,-1.0
838,2.0
839,3.0
840,-1.0
841,-1.0
842,-1.0
843,0.0
844,-1.0
845,0.3333333333333333
846,-1.0
847,-1.0
848,1.0
849,0.5
850,-1.0
851,0.0
852,0.0
853,1.0
854,0.0
855,-1.0
856,0.5
857,1.0
858,1.0
859,0.0
860,0.0
861,2.0
862,1.5
863,2.0
864,0.0
865,-1.0
866,-1.0
867,1.0
868,0.3333333333333333
869,-1.0
870,-1.0
871,0.0
872,-1.0
873,3.0
874,1.0
875,-1.0
876,0.25
877,1.0
878,-1.0
879,0.3333333333333333
880,1.0
881,0.5
882,2.0
883,0.5
884,1.0
885,0.0
886,0.0
887,-1.0
888,-1.0
889,0.6666666666666666
890,-1.0
891,4.0
892,0.0
893,-1.0
894,-1.0
895,4.0
896,1.0
897,1.0
898,-1.0
899,-1.0
900,0.5
901,1.0
902,0.5
903,1.0
904,1.0
905,-1.0
906,0.3333333333333333
907,0.5
908,1.0
909,-1.0
910,0.0
911,0.5
912,0.0
913,1.0
914,0.0
915,0.0
916,0.5
917,-1.0
918,-1.0
919,-1.0
920,-1.0
921,-1.0
922,-1.0
923,0.0
924,-1.0
925,-1.0
926,-1.0
927,0.0
928,-1.0
929,0.0
930,-1.0
931,-1.0
932,0.0
933,-1.0
934,-1.0
935,1.0
936,1.0
937,-1.0
938,-1.0
939,-1.0
940,2.0
941,2.0
942,-1.0
943,-1.0
944,-1.0
945,0.0
946,0.0
947,-1.0
948,0.0
949,-1.0
950,0.0
951,-1.0
952,-1.0
953,-1.0
954,0.0
955,-1.0
956,-1.0
957,0.0
958,-1.0
959,3.0
960,-1.0
961,-1.0
962,-1.0
963,-1.0
964,-1.0
965,0.0
966,0.0
967,-1.0
968,-1.0
969,-1.0
970,-1.0
971,-1.0
972,-1.0
973,2.0
974,-1.0
975,-1.0
976,-1.0
977,-1.0
978,0.0
979,-1.0
980,-1.0
981,1.0
982,0.0
983,-1.0
984,-1.0
985,-1.0
986,0.6666666666666666
987,-1.0
988,-1.0
989,-1.0
990,0.0
991,-1.0
992,-1.0
993,-1.0
994,-1.0
995,0.0
996,0.0
997,-1.0
998,-1.0
999,-1.0
1000,-1.0
1001,0.0
1002,0.0
1003,-1.0
1004,0.0
1005,0.0
1006,-1.0
1007,0.0
1008,0.0
1009,-1.0
1010,-1.0
1011,0.0
1012,-1.0
1013,2.0
1014,-1.0
1015,-1.0
1016,-1.0
1017,-1.0
1018,-1.0
1019,-1.0
1020,-1.0
1021,-1.0
1022,-1.0
1023,-1.0
1024,0.0
1025,0.0
1026,0.0
1027,-1.0
1028,0.0
1029,-1.0
1030,1.0
1031,-1.0
1032,0.0
1033,-1.0
1034,1.0
1035,0.0
1036,1.0
1037,-1.0
1038,-1.0
1039,-1.0
1040,-1.0
1041,-1.0
1042,2.0
1043,0.0
1044,-1.0
1045,-1.0
1046,-1.0
1047,0.0
1048,-1.0
1049,-1.0
1050,-1.0
1051,-1.0
1052,-1.0
1053,1.0
1054,2.0
1055,1.0
1056,0.0
1057,-1.0
1058,-1.0
1059,-1.0
1060,0.0
1061,1.0
1062,0.0
1063,-1.0
1064,-1.0
1065,0.5
1066,0.0
1067,0.6666666666666666
1068,-1.0
1069,-1.0
1070,-1.0
1071,0.0
1072,1.0
1073,-1.0
1074,-1.0
1075,-1.0
1076,0.0
1077,0.0
1078,1.0
1079,1.0
1080,-1.0
1081,-1.0
1082,-1.0
1083,1.0
1084,0.0
1085,-1.0
1086,0.0
1087,-1.0
1088,-1.0
1089,-1.0
1090,1.0
1091,1.0
1092,0.0
1093,-1.0
1094,1.0
1095,0.0
1096,-1.0
1097,1.0
1098,0.0
1099,-1.0
1100,-1.0
1101,0.0
1102,0.0
1103,1.0
1104,0.0
1105,-1.0
1106,-1.0
1107,0.0
1108,1.0
1109,0.0
1110,-1.0
1111,-1.0
1112,0.0
1113,0.0
1114,1.0
1115,1.0
1116,1.0
1117,-1.0
1118,-1.0
1119,-1.0
1120,-1.0
1121,2.0
1122,0.0
1123,0.5
1124,0.0
1125,-1.0
1126,-1.0
1127,-1.0
1128,-1.0
1129,2.0
1130,-1.0
1131,0.5
1132,1.0
1133,1.0
1134,-1.0
1135,1.0
1136,0.0
1137,1.0
1138,-1.0
1139,0.5
1140,1.0
1141,2.0
1142,-1.0
1143,-1.0
1144,-1.0
1145,-1.0
1146,-1.0
1147,0.0
1148,0.0
1149,1.0
1150,0.0
1151,-1.0
1152,-1.0
1153,1.0
1154,2.0
1155,-1.0
1156,-1.0
1157,0.5
1158,-1.0
1159,0.0
1160,-1.0
1161,2.0
1162,-1.0
1163,-1.0
1164,-1.0
1165,-1.0
1166,-1.0
1167,0.0
1168,-1.0
1169,-1.0
1170,-1.0
1171,-1.0
1172,0.0
1173,-1.0
1174,0.0
1175,-1.0
1176,-1.0
1177,-1.0
1178,-1.0
1179,3.0
1180,-1.0
1181,-1.0
1182,-1.0
1183,0.5
1184,2.0
1185,-1.0
1186,-1.0
1187,-1.0
1188,-1.0
1189,-1.0
1190,1.0
1191,-1.0
1192,-1.0
1193,1.0
1194,2.0
1195,1.0
1196,-1.0
1197,1.0
1198,0.5
1199,0.5
1200,-1.0
1201,0.5
1202,2.0
1203,-1.0
1204,1.0
1205,0.0
1206,1.0
1207,0.5
1208,0.0
1209,0.0
1210,-1.0
1211,-1.0
1212,-1.0
1213,-1.0
1214,-1.0
1215,-1.0
1216,-1.0
1217,0.0
1218,-1.0
1219,0.0
1220,0.0
1221,-1.0
1222,-1.0
1223,0.0
1224,-1.0
1225,0.3333333333333333
1226,0.0
1227,-1.0
1228,-1.0
1229,-1.0
1230,-1.0
1231,-1.0
1232,0.0
1233,0.0
1234,-1.0
1235,0.5
1236,-1.0
1237,-1.0
1238,0.5
1239,1.0
1240,0.6666666666666666
1241,1.0
1242,-1.0
1243,-1.0
1244,1.0
1245,0.6666666666666666
1246,-1.0
1247,-1.0
1248,-1.0
1249,-1.0
1250,-1.0
1251,0.0
1252,-1.0
1253,0.0
1254,1.0
1255,-1.0
1256,0.5
1257,0.6666666666666666
1258,2.0
1259,1.0
1260,1.5
1261,-1.0
1262,-1.0
1263,1.0
1264,-1.0
1265,-1.0
1266,-1.0
1267,-1.0
1268,-1.0
1269,-1.0
1270,0.0
1271,-1.0
1272,-1.0
1273,-1.0
1274,-1.0
1275,-1.0
1276,0.6666666666666666
1277,0.0
1278,0.5
1279,-1.0
1280,0.0
1281,0.5
1282,-1.0
1283,1.0
1284,1.0
1285,1.0
1286,-1.0
1287,-1.0
1288,-1.0
1289,-1.0
1290,-1.0
1291,-1.0
1292,-1.0
1293,-1.0
1294,1.0
1295,-1.0
1296,-1.0
1297,0.0
1298,-1.0
1299,0.0
1300,-1.0
1301,0.0
1302,-1.0
1303,0.0
1304,-1.0
1305,1.0
1306,1.0
1307,-1.0
1308,1.0
1309,1.0
1310,0.0
1311,-1.0
1312,0.5
1313,-1.0
1314,-1.0
1315,0.0
1316,-1.0
1317,-1.0
1318,-1.0
1319,-1.0
1320,-1.0
1321,-1.0
1322,-1.0
1323,0.0
1324,0.0
1325,0.0
1326,-1.0
1327,-1.0
1328,-1.0
1329,-1.0
1330,-1.0
1331,-1.0
1332,-1.0
1333,-1.0
1334,-1.0
1335,-1.0
1336,-1.0
1337,1.0
1338,-1.0
1339,-1.0
1340,0.5
1341,0.0
1342,3.0
1343,2.0
1344,-1.0
1345,1.0
1346,0.5
1347,-1.0
1348,1.0
1349,-1.0
1350,0.5
1351,-1.0
1352,1.0
1353,-1.0
1354,-1.0
1355,-1.0
1356,0.0
1357,4.0
1358,0.0
1359,-1.0
1360,0.0
1361,-1.0
1362,1.0
1363,0.0
1364,-1.0
1365,2.0
1366,2.0
1367,1.0
1368,0.0
1369,-1.0
1370,-1.0
1371,-1.0
1372,-1.0
1373,-1.0
1374,-1.0
1375,-1.0
1376,0.0
1377,1.0
1378,0.0
1379,2.0
1380,-1.0
1381,0.0
1382,2.0
1383,0.5
1384,-1.0
1385,-1.0
1386,-1.0
1387,1.0
1388,-1.0
1389,-1.0
1390,-1.0
1391,1.0
1392,0.0
1393,0.0
1394,1.0
1395,-1.0
1396,1.0
1397,0.0
1398,0.0
1399,-1.0
1400,-1.0
1401,0.0
1402,0.0
1403,1.0
1404,-1.0
1405,-1.0
1406,-1.0
1407,2.0
1408,1.5
1409,0.0
1410,-1.0
1411,-1.0
1412,-1.0
1413,-1.0
1414,-1.0
1415,-1.0
1416,-1.0
1417,-1.0
1418,2.0
1419,2.0
1420,-1.0
1421,1.0
1422,-1.0
1423,-1.0
1424,0.0
1425,2.0
1426,-1.0
1427,0.5
1428,1.0
1429,-1.0
1430,-1.0
1431,0.3333333333333333
1432,0.0
1433,0.5
1434,0.5
1435,2.0
1436,0.5
1437,-1.0
1438,1.0
1439,1.0
1440,1.0
1441,1.0
1442,1.0
1443,1.0
1444,-1.0
1445,2.0
1446,-1.0
1447,-1.0
1448,-1.0
1449,1.0
1450,0.0
1451,-1.0
1452,4.0
1453,0.0
1454,0.0
1455,1.0
1456,2.0
1457,-1.0
1458,-1.0
1459,-1.0
1460,-1.0
1461,2.0
1462,1.0
1463,-1.0
1464,1.0
1465,-1.0
1466,2.0
1467,-1.0
1468,-1.0
1469,3.0
1470,-1.0
1471,-1.0
1472,-1.0
1473,-1.0
1474,-1.0
1475,-1.0
1476,-1.0
1477,-1.0
1478,-1.0
1479,-1.0
1480,-1.0
1481,-1.0
1482,-1.0
1483,-1.0
1484,-1.0
1485,1.0
1486,-1.0
1487,0.0
1488,-1.0
1489,-1.0
1490,-1.0
1491,1.0
1492,-1.0
1493,1.5
1494,2.0
1495,-1.0
1496,-1.0
1497,-1.0
1498,1.0
1499,0.0
1500,-1.0
1501,-1.0
1502,2.0
1503,-1.0
1504,-1.0
1505,2.0
1506,-1.0
1507,0.0
1508,-1.0
1509,1.0
1510,-1.0
1511,-1.0
1512,3.0
1513,0.0
1514,1.0
1515,0.5
1516,0.0
1517,-1.0
1518,-1.0
1519,0.0
1520,1.0
1521,0.0
1522,0.0
1523,0.0
1524,-1.0
1525,-1.0
1526,-1.0
1527,0.0
1528,-1.0
1529,1.0
1530,0.0
1531,-1.0
1532,-1.0
1533,-1.0
1534,1.0
1535,-1.0
1536,0.5
1537,0.0
1538,-1.0
1539,-1.0
1540,-1.0
1541,-1.0
1542,0.0
1543,0.0
1544,1.0
1545,-1.0
1546,-1.0
1547,1.0
1548,-1.0
1549,-1.0
1550,-1.0
1551,0.0
1552,-1.0
1553,-1.0
1554,2.0
1555,-1.0
1556,1.0
1557,-1.0
1558,-1.0
1559,-1.0
1560,-1.0
1561,-1.0
1562,-1.0
1563,1.0
1564,-1.0
1565,-1.0
1566,-1.0
1567,-1.0
1568,-1.0
1569,0.5
1570,0.5
1571,0.0
1572,2.0
1573,-1.0
1574,-1.0
1575,-1.0
1576,1.0
1577,1.0
1578,-1.0
1579,0.0
1580,-1.0
1581,-1.0
1582,0.0
1583,0.0
1584,2.0
1585,-1.0
1586,0.5
1587,-1.0
1588,-1.0
1589,2.0
1590,0.5
1591,-1.0
1592,-1.0
1593,0.0
1594,0.0
1595,-1.0
1596,1.0
1597,-1.0
1598,1.0
1599,0.0
1600,0.5
1601,-1.0
1602,-1.0
1603,0.3333333333333333
1604,-1.0
1605,-1.0
1606,-1.0
1607,2.0
1608,-1.0
1609,-1.0
1610,-1.0
1611,-1.0
1612,1.0
1613,-1.0
1614,1.0
1615,-1.0
1616,-1.0
1617,-1.0
1618,-1.0
1619,0.0
1620,0.0
1621,0.5
1622,-1.0
1623,-1.0
1624,1.0
1625,0.5
1626,1.0
1627,0.5
1628,-1.0
1629,-1.0
1630,-1.0
1631,-1.0
1632,0.0
1633,0.0
1634,0.0
1635,2.0
1636,0.5
1637,-1.0
1638,2.0
1639,-1.0
1640,-1.0
1641,1.0
1642,2.0
1643,0.0
1644,-1.0
1645,0.6666666666666666
1646,0.0
1647,1.0
1648,0.0
1649,-1.0
1650,-1.0
1651,-1.0
1652,1.0
1653,-1.0
1654,-1.0
1655,-1.0
1656,0.0
1657,2.0
1658,-1.0
1659,-1.0
1660,-1.0
1661,0.0
1662,0.5
1663,-1.0
1664,-1.0
1665,-1.0
1666,0.5
1667,-1.0
1668,-1.0
1669,0.0
1670,-1.0
1671,-1.0
1672,-1.0
1673,1.0
1674,-1.0
1675,-1.0
1676,-1.0
1677,1.0
1678,1.0
1679,-1.0
1680,-1.0
1681,-1.0
1682,-1.0
1683,-1.0
1684,-1.0
1685,-1.0
1686,0.0
1687,2.0
1688,-1.0
1689,-1.0
1690,-1.0
1691,0.6666666666666666
1692,3.0
1693,-1.0
1694,0.0
1695,-1.0
1696,0.0
1697,0.0
1698,0.6666666666666666
1699,4.0
1700,-1.0
1701,-1.0
1702,-1.0
1703,-1.0
1704,-1.0
1705,-1.0
1706,-1.0
1707,0.0
1708,-1.0
1709,0.6666666666666666
1710,-1.0
1711,1.0
1712,1.0
1713,0.0
1714,-1.0
1715,0.3333333333333333
1716,-1.0
1717,0.0
1718,0.0
1719,0.0
1720,-1.0
1721,0.0
1722,-1.0
1723,-1.0
1724,-1.0
1725,-1.0
1726,-1.0
1727,-1.0
1728,-1.0
